CustomerNo,Recency,Frequency,Monetary
12004,228,1,1509.6
12006,219,1,24.76
12008,277,1,5689.57
12013,360,1,69.96000000000001
12024,177,1,149.51999999999998
12025,288,1,1021.59
12026,340,1,20486.32
12031,71,1,136.18
12042,265,1,6296.7699999999995
12043,158,1,1235.59
12050,149,1,141.67000000000002
12057,32,2,4816.81
12063,218,1,39.33
12067,18,1,14293.33
12078,285,1,2667.2599999999998
12080,185,1,14378.82
12081,359,1,13.27
12082,298,1,32.89
12087,185,1,857.34
12089,265,1,1179.53
12090,185,1,736.23
12093,185,1,1961.44
12100,248,1,10683.71
12115,9,2,14211.470000000001
12116,166,1,2076.5099999999998
12120,166,1,454.16
12128,330,1,472.13
12130,32,1,63.56
12134,78,1,7825.83
12151,176,1,215.29
12154,339,1,9140.619999999999
12160,120,1,51.2
12161,157,1,48.53
12165,256,1,1283.18
12167,256,1,1457.46
12171,309,1,1921.96
12174,43,1,111.75
12185,50,1,8369.02
12202,71,1,6810.79
12204,239,1,544.48
12205,239,1,1016.4
12214,296,1,10198.44
12221,108,2,16948.03
12230,108,1,16299.9
12231,176,1,5513.19
12236,166,1,65.52
12240,166,1,3656.61
12242,166,2,499.9
12245,146,2,2779.77
12255,318,1,5592.11
12256,2,2,6600.63
12278,239,1,8417.1
12286,99,1,1567.91
12290,145,1,642.38
12293,201,2,1332.27
12309,37,1,12.86
12321,191,2,561.99
12324,173,3,6207.42
12325,227,1,104.32
12336,191,1,638.92
12338,215,1,825.42
12340,227,1,4866.7699999999995
12348,76,4,25377.36
12349,19,1,7951.1
12350,128,2,2371.9
12352,37,7,6811.92
12353,205,1,296.24
12354,233,1,6356.94
12355,215,1,2930.62
12356,23,4,20298.05
12358,2,3,23772.82
12359,58,4,23878.48
12360,53,3,13959.64
12361,288,1,922.62
12362,4,10,24367.78
12363,110,2,4747.08
12364,8,5,15842.75
12365,292,1,2101.83
12367,5,2,1268.6000000000001
12371,60,1,7411.53
12372,72,3,9302.48
12373,255,2,7980.55
12374,26,1,4112.9
12375,11,2,1385.9
12377,316,2,11241.34
12379,82,2,4315.0599999999995
12380,22,4,12159.37
12381,5,3,9136.37
12383,185,5,17227.829999999998
12384,29,2,1575.27
12386,338,2,4040.2999999999997
12387,208,1,5326.62
12388,16,6,16632.03
12390,80,1,4104.7
12391,22,1,3441.78
12393,73,6,8314.75
12394,64,2,9390.52
12396,263,1,6765.1
12397,36,3,15955.51
12398,46,1,15525.12
12399,120,4,12422.4
12401,304,1,124.47
12402,324,1,837.5
12403,50,1,1364.64
12405,149,1,10126.52
12406,23,2,21277.63
12407,50,5,15924.92
12408,33,5,16083.97
12410,309,2,2668.2999999999997
12411,262,1,55.24
12412,75,3,9420.63
12413,67,3,3307.89
12414,67,4,18177.6
12417,4,9,17859.88
12418,113,1,4856.91
12420,64,1,4151.1
12421,16,4,5091.65
12422,96,4,14914.25
12423,1,9,14766.41
12424,163,2,9389.81
12425,79,1,5638.98
12426,195,1,3126.61
12427,22,3,6109.77
12429,10,4,16106.1
12430,44,1,1410.68
12432,36,5,22880.21
12434,85,2,4864.51
12436,100,1,2581.38
12438,15,2,10591.5
12442,4,1,1297.84
12444,22,6,15868.42
12445,23,1,694.3199999999999
12446,58,1,4259.83
12447,244,1,2236.38
12448,45,1,2834.36
12449,23,4,18993.77
12450,157,2,1216.1399999999999
12452,17,1,1115.05
12453,135,1,5572.6
12454,57,1,13925.84
12455,74,5,23158.08
12456,45,3,19229.12
12457,67,7,9444.71
12458,72,3,14297.16
12461,155,1,3532.59
12462,19,2,6362.73
12463,11,5,8933.32
12464,11,8,1657.98
12465,18,2,5567.22
12468,188,3,15966.38
12469,292,1,615.22
12473,54,3,26438.23
12475,54,1,6077.06
12476,16,11,26116.98
12478,4,1,1547.87
12479,12,2,2706.55
12480,29,4,20048.2
12483,18,8,12931.64
12484,36,4,25515.73
12485,356,1,30.7
12488,10,3,5085.36
12489,337,1,1361.97
12491,39,2,4623.28
12492,64,2,2042.1
12493,166,2,1759.1699999999998
12494,16,7,7273.18
12497,82,1,13594.44
12498,22,3,1658.67
12501,337,1,20100.06
12502,96,5,11027.11
12504,19,2,1330.34
12505,254,1,1833.6399999999999
12506,233,1,311.08
12507,135,3,10264.7
12508,11,3,13111.33
12509,285,1,715.8399999999999
12510,143,2,4391.04
12512,67,2,1119.46
12513,113,1,4916.2
12514,268,1,5134.98
12515,155,2,1982.8799999999999
12516,78,3,15771.619999999999
12517,29,5,15647.84
12518,1,5,14202.72
12519,64,1,2046.58
12520,80,6,17015.59
12521,143,1,3386.0699999999997
12522,40,3,2198.59
12523,20,11,10556.31
12526,1,3,6572.17
12527,82,3,2598.56
12528,10,6,8395.34
12530,60,4,9013.53
12531,15,1,278.55
12532,31,2,3755.8
12534,131,1,7616.2
12535,92,2,2978.58
12537,10,1,30.950000000000003
12538,30,1,2330.8199999999997
12541,30,4,12556.41
12542,235,1,6368.8
12544,37,2,2859.79
12545,76,2,6152.54
12546,10,3,8893.83
12547,115,4,14445.15
12548,167,1,561.0
12550,47,2,14478.539999999999
12551,262,2,1759.01
12552,40,1,1196.93
12556,36,3,4448.71
12558,8,1,1213.24
12559,311,2,3418.7
12560,6,2,11335.82
12561,36,2,14040.59
12562,9,7,15925.47
12564,262,1,1625.93
12565,289,1,969.5
12566,87,1,2990.38
12571,40,2,5761.719999999999
12572,9,2,4389.56
12573,228,1,1025.38
12574,316,1,791.58
12576,36,5,11259.52
12577,36,3,5417.04
12578,22,2,14273.59
12579,79,1,3286.3199999999997
12580,247,1,2566.92
12581,40,1,1824.03
12582,239,2,3393.8
12584,4,9,5498.41
12585,235,2,14855.86
12586,18,1,1011.4300000000001
12587,8,1,309.5
12588,40,1,712.1899999999999
12589,29,2,3684.56
12591,318,1,2661.17
12592,93,2,2587.2999999999997
12593,109,3,1885.56
12594,38,9,19508.32
12596,52,2,5258.67
12597,20,4,25599.78
12598,10,7,22050.66
12599,30,7,10627.58
12600,29,10,8730.210000000001
12601,190,5,2959.09
12602,59,1,1817.46
12603,22,1,1202.32
12604,80,2,2291.92
12607,61,1,14205.029999999999
12609,79,3,7359.41
12610,5,6,18853.03
12611,53,1,9832.66
12612,75,1,3348.79
12613,58,4,19136.74
12614,278,1,1102.4099999999999
12615,3,4,14117.8
12616,96,2,3527.2
12617,30,2,8521.32
12618,22,1,1114.39
12620,15,3,10989.5
12622,233,1,801.12
12623,277,1,2029.3
12624,107,4,5678.58
12625,212,2,18357.38
12628,5,3,4386.39
12630,10,2,5082.9
12631,58,1,2870.14
12633,59,4,13137.49
12635,87,3,16535.149999999998
12638,34,1,6397.62
12639,239,1,2225.42
12641,116,1,877.1
12642,26,3,6485.5199999999995
12643,129,6,21446.16
12644,130,1,3820.88
12645,34,4,12055.24
12646,5,4,15251.15
12648,155,1,1937.06
12649,30,5,7796.43
12650,4,1,1590.7
12651,335,1,867.3
12652,199,2,6254.79
12653,149,3,11735.49
12654,11,5,2934.11
12656,18,5,17340.34
12657,12,4,8016.62
12658,19,1,3709.7
12659,30,1,1141.6000000000001
12660,12,1,779.94
12662,1,11,22606.22
12663,214,2,2710.49
12664,9,9,14394.66
12665,325,1,415.0799999999999
12666,214,1,968.33
12667,59,1,4478.9
12668,12,4,17651.64
12669,151,2,12538.32
12670,11,6,22266.5
12671,80,2,8969.15
12672,330,1,931.1999999999999
12673,6,3,7908.16
12674,39,4,13431.52
12675,214,1,1326.97
12676,25,6,7924.15
12679,59,4,6561.37
12680,1,4,4628.29
12684,8,6,21663.16
12685,29,6,16981.07
12689,26,2,6936.96
12690,60,2,8008.59
12691,29,5,4927.3
12692,152,2,295.09000000000003
12693,128,4,3080.0
12694,71,2,5936.29
12695,8,5,18421.26
12697,29,3,5842.76
12701,80,2,7591.7
12702,20,2,6977.15
12703,72,1,1942.7
12704,8,8,10975.87
12707,292,1,3242.17
12708,30,10,15745.64
12710,97,3,9460.46
12713,1,1,3270.25
12715,5,2,1938.45
12716,4,4,15550.619999999999
12717,114,3,6094.87
12718,72,2,7892.37
12719,6,2,3193.46
12721,32,6,21697.39
12722,86,4,6794.82
12723,4,5,3772.94
12724,6,4,4346.389999999999
12727,11,7,22770.58
12728,72,4,4979.25
12729,114,1,2794.86
12732,180,2,3048.2
12733,235,2,2176.9900000000002
12734,353,1,801.6
12735,316,2,4367.49
12736,333,1,1869.6
12739,100,1,5971.02
12740,64,1,3943.22
12742,34,1,46.129999999999995
12743,135,2,3751.57
12747,3,11,15438.2
12749,4,5,17525.86
12750,129,1,1686.92
12752,82,1,26757.76
12755,281,2,19184.420000000002
12756,87,1,1590.72
12758,117,2,20139.94
12759,53,3,10370.7
12760,102,1,4648.16
12761,59,1,210.39
12762,8,3,9736.92
12763,139,3,4198.93
12764,317,1,5692.32
12769,239,1,4652.2699999999995
12770,211,1,8404.06
12772,60,1,6358.97
12775,18,5,10229.43
12777,19,2,12933.12
12778,20,6,9084.33
12781,64,2,7674.44
12782,5,5,12179.67
12783,3,4,6599.9800000000005
12784,16,1,2033.17
12787,10,3,2723.08
12788,15,1,24.76
12789,66,1,109.52000000000001
12790,193,1,1983.08
12792,257,1,2556.83
12793,335,2,2665.64
12794,54,2,6768.41
12795,19,1,982.32
12796,151,1,5650.0199999999995
12802,187,1,3605.02
12803,179,1,6598.74
12808,37,3,2018.71
12809,159,2,3695.33
12810,179,1,11.98
12811,262,2,2376.45
12812,45,1,1916.0
12814,102,1,579.84
12815,148,2,4571.33
12816,96,2,1695.5
12817,102,2,6707.54
12818,262,1,10641.32
12820,4,5,12348.48
12821,215,1,812.56
12822,71,2,6060.9800000000005
12823,75,5,4160.7
12824,60,2,3327.29
12826,3,7,10393.34
12827,6,3,2154.89
12828,3,6,4974.54
12829,24,3,4609.83
12831,263,1,1603.85
12832,33,3,2429.99
12833,146,1,2026.6
12834,283,1,1447.5
12836,60,4,13141.71
12837,159,2,1576.44
12838,34,2,4327.03
12840,144,4,14072.849999999999
12842,71,2,6753.099999999999
12843,66,9,14832.05
12844,30,2,1615.17
12845,15,5,2461.6
12847,23,1,9812.86
12849,32,2,6952.42
12851,97,1,1209.21
12852,295,1,1846.66
12853,135,6,9778.98
12854,79,3,7764.93
12856,8,6,12197.39
12857,211,2,4649.38
12863,53,2,2481.81
12864,139,1,2364.84
12865,27,2,11087.98
12866,284,1,2184.52
12868,186,6,11158.25
12871,85,2,2439.66
12872,327,2,3884.21
12873,283,1,1694.88
12875,144,2,21037.98
12878,186,3,6314.089999999999
12879,45,3,4379.12
12881,276,2,1834.54
12882,10,2,2397.94
12883,25,4,2729.83
12884,89,2,5612.92
12885,64,3,7857.97
12886,68,2,9180.33
12888,215,2,1141.76
12890,25,1,2997.31
12891,186,3,10078.0
12892,212,1,30.990000000000002
12893,31,1,1016.66
12895,43,3,10016.39
12896,159,1,77.61
12897,205,2,1349.6000000000001
12900,29,1,95.1
12902,265,1,818.54
12904,19,2,3521.94
12906,12,5,18246.42
12907,178,1,46.480000000000004
12908,177,2,13068.0
12909,40,6,19483.07
12910,24,8,18642.1
12912,3,5,5512.84
12913,5,5,11059.79
12914,150,1,1668.46
12915,149,2,1325.96
12916,139,4,13748.41
12917,129,1,919.2
12919,9,6,6597.84
12920,18,2,2144.27
12922,162,1,4207.96
12923,65,1,862.53
12924,89,6,10395.74
12925,5,2,4826.72
12927,186,1,762.72
12928,36,6,20415.18
12929,52,2,535.39
12930,79,2,3008.77
12933,25,3,5731.26
12934,27,1,45.3
12935,3,7,19074.18
12936,18,5,7297.69
12937,16,5,12564.55
12938,26,1,1552.1000000000001
12940,55,2,5062.57
12942,132,3,2685.34
12944,36,2,3504.6
12945,289,1,1922.57
12947,144,6,12748.92
12948,17,7,11880.64
12950,3,3,9659.92
12951,9,7,5184.56
12952,6,4,7084.06
12953,10,1,519.96
12954,101,1,63.900000000000006
12956,307,1,459.2
12957,10,8,26663.12
12958,197,1,1263.0
12960,197,1,1140.87
12962,8,2,1224.13
12963,9,8,9224.72
12965,90,1,3643.69
12966,10,1,543.0
12967,197,3,6207.75
12968,113,1,887.5699999999999
12970,8,4,1849.15
12974,78,3,1209.68
12976,212,1,4269.66
12977,157,1,163.23000000000002
12980,158,9,16637.780000000002
12981,30,2,2742.46
12982,243,2,3405.12
12984,19,1,366.34000000000003
12985,1,3,18503.76
12986,233,1,4920.32
12987,74,3,7234.86
12988,293,1,1809.72
12990,32,3,1358.8000000000002
12991,24,2,4666.84
12993,24,5,6238.36
12994,5,3,4740.06
12995,86,1,1323.72
12997,23,4,8062.98
12999,197,3,3972.94
13000,107,3,4433.05
13002,319,1,872.2099999999999
13003,106,3,1208.3899999999999
13005,174,2,2289.5499999999997
13006,57,1,647.32
13008,324,1,1909.66
13009,228,2,2086.68
13011,240,2,225.36
13012,10,10,18194.97
13014,11,10,11952.66
13015,54,5,19753.87
13016,74,3,6210.6
13017,8,1,297.12
13021,5,9,15085.05
13023,3,4,12316.55
13024,85,2,13358.61
13025,44,2,584.84
13026,2,5,15401.16
13028,23,2,8616.18
13029,31,3,2470.7
13030,12,2,3230.9
13032,53,2,4484.72
13033,358,1,740.11
13034,55,2,4440.889999999999
13035,74,3,7583.59
13037,18,4,5146.86
13038,81,3,4621.18
13040,9,2,3244.45
13043,274,1,3132.7
13044,292,2,5141.86
13045,100,1,2268.34
13046,31,2,3235.59
13047,57,9,17560.47
13048,15,4,11061.93
13049,65,2,3420.04
13052,213,1,2632.14
13055,79,3,10228.51
13058,25,3,811.13
13059,250,1,546.64
13060,93,2,7713.34
13061,73,1,1232.0
13062,192,1,3847.0800000000004
13064,13,4,5528.51
13066,25,2,3782.84
13067,83,1,421.51
13068,11,2,1321.0
13070,193,1,866.6000000000001
13072,267,1,888.78
13075,130,1,5232.42
13076,38,1,13319.57
13077,2,4,8508.79
13079,5,5,758.1
13080,180,1,1289.52
13083,5,2,1932.58
13085,158,2,2640.2
13091,29,3,6803.04
13092,71,5,3349.11
13095,71,1,1552.44
13099,100,1,3165.12
13101,235,1,1262.04
13103,40,1,1090.42
13104,4,6,5505.24
13106,134,1,262.98
13107,45,4,14583.859999999999
13109,60,3,12083.68
13110,32,7,5483.84
13114,130,1,4215.21
13115,12,4,15665.8
13116,139,1,3496.2
13117,22,9,10889.55
13118,20,6,6517.3
13120,239,1,154.32
13121,148,2,2877.98
13122,95,2,6941.33
13124,9,4,25746.28
13126,5,8,21919.32
13127,78,1,1567.2
13130,95,1,393.56
13131,24,3,5084.24
13132,262,1,284.15999999999997
13133,274,2,440.5
13134,86,4,12201.82
13136,57,7,19605.84
13137,11,8,23332.25
13138,23,6,5834.17
13139,17,7,24825.46
13140,109,3,2322.94
13141,85,5,17413.35
13142,20,1,2959.09
13144,333,1,328.91999999999996
13145,40,4,2468.06
13146,27,1,1813.01
13147,11,4,1767.8400000000001
13149,15,5,16005.26
13151,296,1,5009.48
13153,6,2,8860.119999999999
13155,34,5,11060.81
13157,50,5,14339.41
13158,95,4,8131.84
13159,9,4,10921.77
13160,23,1,668.2399999999999
13161,314,1,412.75
13165,47,2,15150.08
13166,284,1,2641.38
13167,19,4,8716.32
13168,37,4,8074.2699999999995
13169,64,2,3519.0
13170,27,1,1556.6
13171,22,4,2955.2
13173,5,3,4835.6
13174,17,4,18338.34
13176,47,1,5019.7
13177,43,2,1236.5900000000001
13181,22,1,7804.5599999999995
13182,46,1,2184.3199999999997
13183,8,9,25382.46
13184,15,10,18023.73
13185,268,1,196.20000000000002
13186,40,3,9956.86
13187,12,2,10146.27
13188,12,1,148.56
13189,19,2,8897.2
13190,120,1,57.65
13192,96,2,6245.46
13193,62,1,586.35
13194,136,2,376.1
13196,12,4,13432.449999999999
13200,20,4,6131.54
13201,296,1,1326.91
13203,10,4,8127.89
13204,256,1,357.98
13207,16,2,1299.34
13208,60,5,9084.039999999999
13210,94,1,3601.68
13211,11,3,8311.53
13212,20,3,3949.81
13213,57,5,15496.58
13216,268,2,8512.44
13217,123,5,13335.210000000001
13218,128,1,966.36
13219,330,1,14619.619999999999
13220,79,4,2767.96
13221,241,2,3356.42
13222,57,1,45.35
13223,201,2,1069.16
13224,61,2,16650.02
13226,274,1,930.9
13227,202,1,972.84
13228,82,1,1208.0
13229,226,1,810.66
13232,13,8,17678.91
13233,75,3,16436.06
13235,213,1,5204.71
13236,25,2,5026.91
13237,184,1,7817.68
13238,18,5,4491.99
13239,262,1,4058.5
13240,97,4,3694.87
13242,113,3,804.7
13243,204,1,2915.42
13244,93,1,514.23
13245,51,1,1722.4099999999999
13246,19,6,17847.61
13247,18,4,3792.29
13248,125,2,3541.56
13249,93,3,6327.38
13252,318,1,1402.33
13253,157,2,17170.12
13255,10,2,1773.47
13258,12,4,8999.99
13259,62,1,1581.6299999999999
13260,62,1,2026.96
13261,269,2,3120.14
13262,264,1,1486.55
13264,129,1,5078.23
13265,54,5,19981.21
13271,38,1,2676.7400000000002
13272,32,2,1267.48
13273,114,1,1710.81
13275,192,1,6429.13
13276,64,2,2255.86
13277,16,4,1381.84
13278,41,1,5549.74
13279,79,1,889.36
13280,123,3,5345.2
13282,19,3,4125.26
13283,60,2,894.52
13284,331,1,980.8
13285,24,4,21062.03
13291,156,1,2579.19
13292,39,3,4769.99
13294,145,3,5591.56
13295,360,1,1046.54
13296,138,1,889.08
13297,8,5,10774.779999999999
13298,2,1,594.24
13299,269,1,453.48
13300,170,1,2218.64
13301,104,4,4130.51
13302,156,1,116.6
13304,156,2,2735.76
13305,5,10,13825.789999999999
13307,121,1,56.36
13308,23,3,10061.61
13309,8,5,14579.47
13310,29,3,7176.29
13311,5,3,3519.0299999999997
13313,23,5,8535.44
13314,2,3,5576.62
13317,67,6,12504.64
13318,2,3,2903.18
13320,79,4,11447.55
13321,73,2,4395.12
13322,18,2,2023.58
13323,4,5,1764.15
13325,82,2,3105.25
13327,39,8,16047.16
13328,317,1,8071.76
13329,32,2,5553.78
13330,93,3,7116.13
13332,15,1,1274.24
13334,83,3,20566.2
13336,78,1,6305.32
13337,358,1,3977.2
13338,156,2,13274.69
13339,201,1,4222.7699999999995
13341,261,1,3760.96
13343,178,1,1500.91
13344,68,4,17184.079999999998
13345,288,2,5394.37
13347,71,1,2389.56
13348,65,1,1633.34
13349,11,1,1381.16
13350,17,2,2992.7400000000002
13351,67,1,1459.01
13352,61,2,13346.67
13354,72,1,6952.64
13355,123,1,3122.68
13356,81,1,3812.37
13357,258,1,3914.77
13358,269,1,3260.59
13359,64,1,2039.09
13362,10,4,15072.1
13363,18,2,8171.7
13364,72,1,848.16
13365,34,3,14864.41
13366,51,1,1533.6000000000001
13367,8,1,11964.890000000001
13368,257,3,5573.13
13371,165,1,11074.7
13372,90,1,1956.3
13373,61,3,20133.09
13375,89,1,5147.32
13376,100,3,5312.2699999999995
13378,99,1,7752.33
13379,27,3,6514.099999999999
13381,32,6,24527.7
13382,281,1,1571.11
13384,31,7,26053.42
13385,330,1,3427.87
13388,132,3,9160.07
13389,12,3,4538.74
13390,75,1,2853.4
13391,204,1,102.28
13394,2,8,26096.45
13395,186,1,3759.12
13396,30,3,12485.63
13397,73,6,11795.12
13398,193,1,3349.07
13399,305,1,3677.87
13402,128,2,5545.88
13403,18,1,269.72
13404,2,2,1324.76
13405,205,2,2241.89
13410,25,5,6337.44
13411,108,2,1007.69
13414,134,3,17512.93
13416,44,2,2185.9
13417,5,2,1553.02
13419,64,1,2921.36
13420,150,2,1199.12
13421,41,2,12617.1
13422,65,1,15547.24
13423,327,1,15478.34
13425,109,4,12496.18
13426,1,10,25893.59
13427,20,4,6234.22
13428,11,1,955.22
13429,11,4,13791.640000000001
13430,19,2,8393.26
13431,68,3,7744.66
13433,183,1,3696.4399999999996
13434,75,2,3623.04
13435,6,7,24028.86
13436,2,1,516.64
13439,116,2,12406.88
13441,92,2,2405.4
13447,24,3,7142.8
13448,17,6,17559.44
13449,24,1,2512.68
13450,27,6,22410.28
13452,260,2,1321.24
13453,166,2,1739.22
13455,25,2,4466.2699999999995
13456,18,6,8572.27
13459,183,1,4795.89
13460,30,3,3252.92
13461,39,3,11554.54
13462,253,1,790.7
13464,59,2,10783.94
13466,185,1,2970.18
13467,11,4,11238.59
13470,100,3,7846.5199999999995
13471,2,5,22600.13
13472,61,1,65.7
13473,61,2,3159.7999999999997
13474,237,1,1520.03
13475,192,4,11800.949999999999
13476,179,2,6521.47
13477,38,6,11831.24
13479,201,2,1681.9
13481,46,5,11898.92
13482,173,2,2005.85
13483,66,1,1783.78
13484,242,1,772.7
13485,234,1,3183.69
13486,79,3,8007.0
13487,58,3,3244.08
13489,20,5,6712.97
13490,155,1,23.02
13491,52,10,10501.9
13492,137,4,4909.45
13493,276,3,10879.85
13494,155,4,4058.79
13495,8,5,9963.32
13496,11,3,10363.97
13497,60,3,2051.13
13499,18,6,17528.56
13500,24,3,7437.54
13501,173,2,7241.07
13502,17,3,2312.3
13503,72,1,2584.17
13504,65,1,2127.65
13506,155,4,15792.119999999999
13507,4,4,16866.39
13508,244,2,1449.1399999999999
13509,9,6,11667.43
13510,2,5,19800.96
13512,261,1,1723.29
13513,127,1,1327.34
13514,74,2,6264.92
13515,73,4,7713.76
13516,22,4,13748.699999999999
13517,60,3,16036.08
13518,86,2,5140.0599999999995
13519,6,3,6267.450000000001
13520,59,6,19120.26
13521,2,3,4574.24
13522,31,1,579.96
13523,34,5,21771.35
13524,41,5,3966.46
13525,15,2,3574.0600000000004
13527,34,7,19536.53
13529,79,2,1014.1
13531,20,3,10769.03
13532,34,1,1537.67
13533,183,4,4456.5199999999995
13535,207,1,5632.43
13536,2,7,21177.010000000002
13538,44,8,3296.2000000000003
13539,80,4,3963.82
13540,40,1,31.27
13543,207,1,1492.03
13544,40,2,1414.51
13546,13,3,3586.38
13548,97,2,5139.2
13549,26,7,5410.69
13551,320,1,168.06
13557,29,2,6195.0
13558,6,4,3568.29
13560,8,1,387.27
13561,216,1,983.93
13562,82,4,8315.33
13563,85,2,2852.23
13564,355,2,7284.24
13565,20,2,2009.1599999999999
13566,41,2,6572.0
13567,144,1,10675.93
13568,174,1,868.12
13569,18,3,1893.52
13570,244,1,1895.54
13572,206,1,6891.25
13573,51,2,3392.27
13575,24,5,4815.05
13577,26,4,7924.889999999999
13579,15,2,1444.96
13581,281,2,3557.92
13583,156,1,8109.92
13584,307,1,519.07
13586,243,1,6336.13
13587,64,1,1970.6000000000001
13589,15,2,975.82
13590,12,6,17411.9
13591,65,4,5573.74
13592,36,5,8651.08
13593,109,5,9431.21
13594,53,1,3817.27
13596,6,2,2477.9700000000003
13598,48,1,666.01
13600,313,1,3547.16
13601,46,2,6252.87
13602,65,1,2992.88
13603,27,2,6386.03
13604,253,1,205.78
13606,30,3,3112.49
13607,41,1,3638.08
13610,13,7,5760.3
13611,90,3,8911.48
13612,5,1,5521.15
13614,25,4,7391.2
13615,319,1,2316.02
13617,41,3,3632.36
13618,174,1,2702.9
13621,117,1,3734.88
13623,31,5,3664.74
13626,253,1,2406.02
13627,60,5,14686.55
13630,6,7,15566.72
13631,100,11,7933.28
13632,25,5,12463.09
13634,34,5,8482.22
13635,68,1,7967.49
13636,37,6,13019.95
13637,53,3,4571.04
13638,16,1,575.6700000000001
13639,75,1,9258.5
13640,235,1,38.07
13642,216,1,1855.79
13643,32,4,2573.45
13644,17,4,21144.07
13645,121,1,1877.86
13647,10,4,8681.68
13648,270,1,5875.95
13649,257,3,2753.79
13650,17,6,9847.57
13651,40,2,1213.33
13652,46,3,6927.07
13653,199,1,60.14
13654,44,7,25071.95
13655,115,2,6857.96
13656,165,2,5291.66
13657,11,2,1974.52
13658,10,5,10373.48
13659,206,2,10581.94
13660,302,1,4111.8
13662,86,4,7335.469999999999
13663,180,1,1126.96
13666,61,4,16581.05
13667,150,1,1833.67
13669,51,2,2653.04
13670,76,2,4541.82
13672,214,3,1852.25
13673,19,2,1565.46
13674,80,1,22.24
13675,152,2,3881.14
13678,152,1,9707.6
13680,2,4,19368.73
13681,18,5,5673.52
13682,188,1,163.51999999999998
13684,286,1,456.21
13686,183,1,791.1999999999999
13687,114,1,30.950000000000003
13689,64,2,4322.75
13690,60,1,863.2
13691,134,1,249.9
13692,25,3,14090.789999999999
13697,39,1,1969.32
13699,156,1,992.76
13700,27,10,25683.71
13703,319,1,204.5
13704,6,9,17522.69
13705,8,3,3739.41
13706,303,1,2276.31
13707,268,2,4424.22
13708,272,1,3293.88
13710,32,1,1988.72
13711,219,2,1693.32
13712,247,1,3842.82
13713,213,1,60.309999999999995
13714,278,1,1071.76
13715,282,5,6489.389999999999
13716,73,2,5507.2
13717,33,7,26411.5
13718,247,2,2087.2799999999997
13719,16,6,14928.81
13720,117,4,5905.77
13721,37,1,3776.0499999999997
13722,132,3,16069.5
13723,218,1,645.54
13725,50,9,16475.46
13726,39,2,11849.18
13727,29,2,2002.1499999999999
13728,37,6,5735.32
13730,136,2,5713.42
13731,220,2,3474.97
13732,29,1,5607.86
13735,25,5,15504.619999999999
13736,6,2,4368.36
13737,201,1,1629.1200000000001
13739,19,1,775.62
13740,241,1,4715.7300000000005
13741,72,3,2919.33
13743,3,8,18820.77
13744,96,2,12925.78
13745,163,1,5391.32
13746,15,2,9072.800000000001
13747,354,2,390.75
13748,96,5,5470.82
13751,289,2,1296.44
13752,125,6,10122.32
13753,288,1,6007.46
13754,4,3,9512.27
13755,4,10,15648.68
13758,12,7,20124.51
13759,34,2,3617.16
13760,55,2,2313.1
13761,51,3,7261.91
13762,219,1,3102.72
13763,64,1,9219.76
13764,71,3,10645.87
13766,205,1,1651.31
13768,19,1,16127.5
13769,3,10,13953.19
13771,65,4,17478.03
13772,34,3,6335.39
13773,290,1,15.02
13774,82,1,2321.35
13775,143,1,11.53
13778,104,3,1711.8799999999999
13780,8,4,2926.61
13781,251,1,438.48
13782,13,6,4146.91
13785,102,1,79.01
13787,76,2,3770.33
13790,5,1,4579.84
13791,128,2,9126.0
13792,67,2,1143.31
13799,117,3,4942.19
13800,310,1,3964.64
13801,67,1,2054.58
13802,139,3,25749.8
13803,256,1,1524.14
13804,31,7,17637.67
13805,53,2,20420.4
13806,64,1,836.74
13808,6,5,8921.78
13809,306,1,456.12
13810,29,2,3994.81
13811,184,2,1178.73
13812,43,4,11041.64
13813,40,4,6546.59
13814,93,2,10473.439999999999
13816,24,2,3228.18
13817,30,2,2345.98
13819,302,3,11515.72
13821,145,2,1777.87
13822,6,2,6354.8099999999995
13823,19,2,5480.74
13824,33,5,8956.25
13825,353,1,34.87
13826,177,2,3163.12
13827,58,3,1834.41
13828,23,3,3921.1099999999997
13831,17,6,9076.69
13832,20,2,17632.22
13833,15,2,7376.38
13835,26,6,10333.31
13837,212,2,2101.35
13838,6,4,2697.59
13839,353,1,26.34
13841,102,2,6867.86
13842,15,10,21479.72
13844,12,1,1213.24
13845,65,1,2185.9399999999996
13846,25,3,4863.36
13847,102,1,95.72
13849,52,2,11748.539999999999
13850,130,1,10082.46
13851,96,3,20194.78
13853,58,1,4191.06
13856,169,3,5462.42
13857,205,1,1735.48
13858,58,1,990.23
13859,327,1,1528.3
13860,2,5,5269.3
13862,19,9,18764.93
13863,248,1,2543.92
13864,159,1,5233.44
13865,59,6,8217.03
13866,75,1,733.42
13867,32,3,5791.41
13868,8,2,14315.02
13869,124,5,24202.07
13870,3,8,15732.68
13873,120,3,1834.3400000000001
13874,359,1,2398.74
13875,54,5,14111.67
13876,64,1,494.72
13877,87,1,1227.6
13878,55,1,6048.76
13882,3,5,8586.57
13883,11,5,14502.18
13884,8,5,3344.5699999999997
13885,190,2,2384.75
13886,72,1,1540.98
13887,205,1,1865.03
13888,120,2,3213.83
13889,93,1,1923.53
13890,2,11,14671.289999999999
13892,27,5,10979.14
13893,298,1,2788.7
13894,24,4,13449.869999999999
13895,29,4,16528.52
13896,242,1,27.36
13897,51,1,2299.56
13898,65,2,8857.76
13899,17,2,1802.62
13900,142,4,5128.45
13901,73,6,20973.73
13904,38,2,3743.58
13906,312,1,6911.11
13908,80,4,17477.29
13914,12,2,3156.39
13916,39,1,186.89
13917,50,2,2615.5
13918,50,2,12929.92
13919,60,2,5195.42
13922,352,1,1129.72
13923,54,2,13041.5
13924,2,6,13751.0
13925,93,4,4087.53
13926,24,1,1295.26
13927,75,1,2303.44
13928,11,5,1683.76
13929,170,2,2329.36
13930,58,2,3153.7799999999997
13931,96,2,7835.32
13932,295,1,1052.85
13933,110,2,2725.2
13934,264,1,4942.39
13936,178,2,4184.39
13937,170,1,1423.44
13938,36,1,790.88
13939,24,3,9264.45
13940,13,5,10167.630000000001
13946,80,3,5115.68
13947,27,2,9025.62
13948,361,1,514.6
13950,12,4,3169.86
13951,177,4,5500.99
13954,2,2,1358.69
13956,6,5,5653.57
13957,197,1,421.3
13959,80,3,4247.2
13960,22,2,1691.48
13962,22,2,1065.54
13963,233,5,5350.48
13967,146,1,513.18
13971,19,8,20567.21
13972,71,3,7422.17
13973,288,1,1327.31
13974,50,1,2726.87
13975,32,6,19076.79
13976,207,1,1945.26
13977,267,1,1712.55
13978,15,2,3337.28
13979,74,1,6698.66
13980,61,1,1968.0600000000002
13982,40,4,13499.4
13984,27,5,7904.620000000001
13986,18,1,4735.759999999999
13989,66,2,14169.75
13990,214,2,2409.04
13991,13,6,9079.12
13992,31,2,772.66
13993,43,9,12568.539999999999
13994,4,6,11664.44
13995,16,6,8436.83
14000,141,4,14206.01
14001,46,3,9352.28
14002,135,3,9544.43
14005,10,6,23383.99
14006,116,4,6434.95
14009,199,3,4271.24
14012,278,1,1977.2399999999998
14013,111,3,4973.74
14014,78,1,11547.220000000001
14015,53,1,4815.06
14016,162,4,26119.899999999998
14018,110,1,55.599999999999994
14019,47,3,12087.06
14020,17,2,4074.1099999999997
14021,156,3,2615.32
14022,226,1,5442.76
14023,8,2,3072.97
14024,122,2,1625.5
14025,267,1,14.09
14027,61,1,742.96
14029,64,2,2508.62
14030,19,8,17560.23
14032,3,11,22796.67
14034,23,3,4969.719999999999
14035,29,5,8999.03
14036,285,1,3266.67
14037,177,2,610.31
14038,79,3,9013.02
14039,34,2,1834.58
14041,267,1,1108.37
14042,158,1,536.73
14044,27,4,3564.86
14045,110,4,7183.66
14046,285,1,4696.57
14047,9,5,4384.150000000001
14048,306,1,3372.11
14050,32,2,7428.4
14052,20,1,1047.99
14053,125,2,2470.75
14054,66,1,431.7
14055,107,2,2973.58
14059,267,1,1500.04
14064,30,5,19525.09
14066,18,2,1009.27
14067,64,2,4065.6
14068,321,1,1020.65
14070,360,1,286.91999999999996
14071,4,8,10490.78
14072,93,1,100.2
14073,33,1,1487.3400000000001
14075,5,3,7542.58
14076,130,1,919.7099999999999
14077,41,5,3228.79
14078,102,6,4253.02
14079,125,1,3469.39
14080,33,2,1791.61
14081,303,2,7012.3
14082,58,3,7380.01
14083,5,10,7254.12
14084,32,1,48.53
14087,3,1,1693.75
14089,57,1,1526.04
14090,325,1,816.48
14093,13,1,2707.52
14097,51,2,4201.71
14098,37,1,1210.81
14099,17,11,24958.73
14100,138,1,842.4499999999999
14102,6,5,7508.46
14104,155,2,870.83
14105,240,1,9497.01
14107,52,7,20435.76
14108,31,2,4517.87
14109,73,1,1049.7
14111,15,4,3951.41
14112,23,7,16971.41
14113,4,4,8344.48
14114,274,2,1431.34
14115,193,1,4686.71
14116,20,5,8663.42
14117,144,1,830.1599999999999
14119,57,1,8343.07
14121,4,4,18803.6
14124,85,1,17016.46
14125,11,3,17835.65
14126,8,3,3074.67
14127,123,4,3781.58
14128,61,2,6364.96
14129,2,5,6714.0
14130,320,1,3114.67
14133,130,3,4187.44
14137,319,1,164.07999999999998
14138,2,2,5978.09
14139,47,1,5653.62
14140,4,2,7784.54
14141,3,4,4112.4
14143,134,1,426.12
14145,47,4,7905.120000000001
14147,79,2,1602.28
14148,8,2,1020.51
14149,17,2,9331.08
14152,76,2,7862.0
14154,240,2,6144.86
14155,267,1,328.9
14157,20,2,3213.06
14158,41,1,8275.56
14160,285,1,41.0
14161,216,3,5633.21
14162,174,2,1752.01
14163,88,4,11430.58
14164,71,3,11711.539999999999
14165,276,1,666.62
14167,40,4,2083.7999999999997
14168,256,1,907.25
14171,99,1,2084.49
14173,11,4,1441.76
14174,34,1,1088.92
14175,60,3,18830.13
14176,43,6,2854.14
14177,87,4,2653.89
14178,9,7,14537.95
14179,41,2,3911.76
14181,247,1,84.64
14184,67,1,1766.0
14185,332,1,264.1
14186,339,1,59.39
14188,31,7,9871.91
14193,68,3,12182.42
14195,120,3,13899.56
14196,107,1,1799.04
14198,19,4,3691.02
14199,219,1,476.96
14200,309,1,1371.41
14201,61,7,6752.7
14202,296,1,1060.34
14204,3,1,445.68
14205,17,3,3479.7599999999998
14206,240,2,4505.47
14208,95,1,1323.8999999999999
14209,11,7,17423.67
14210,106,6,9314.89
14211,54,9,13859.67
14212,90,1,11732.72
14214,31,7,14696.08
14215,12,6,12958.92
14216,4,4,5248.0
14218,43,1,1689.66
14219,5,1,564.72
14220,248,3,3449.67
14221,43,9,25920.42
14222,178,1,6616.25
14223,93,3,7011.7
14224,92,5,6027.099999999999
14226,29,5,15555.88
14227,27,10,18533.82
14229,52,3,7838.16
14231,184,3,4652.71
14232,43,6,25683.38
14233,50,4,8409.51
14234,23,5,17436.04
14235,76,5,20930.22
14236,81,3,3925.52
14237,309,2,8650.66
14238,327,1,1288.33
14240,31,2,5196.67
14241,184,1,1715.1
14242,235,2,1425.13
14243,9,11,18738.8
14245,220,2,11678.2
14246,111,3,9631.6
14247,279,1,621.84
14248,319,1,1355.5
14249,239,1,46.529999999999994
14250,8,3,11971.93
14251,2,5,16311.6
14253,176,1,42.67
14255,339,1,6056.75
14256,261,2,5235.91
14257,57,6,23985.3
14259,142,1,819.92
14261,51,2,4976.54
14262,9,8,17658.899999999998
14264,155,2,1059.74
14265,110,3,3941.16
14267,163,3,6986.22
14270,37,2,2537.47
14271,226,1,1017.0999999999999
14272,74,2,6466.18
14273,52,4,2474.77
14276,99,4,12088.38
14277,16,3,18854.5
14280,197,1,670.33
14284,31,2,2260.37
14285,22,5,8901.89
14287,9,3,2577.51
14288,214,1,2364.3
14289,9,6,3789.48
14290,12,5,11028.26
14292,8,9,17931.26
14293,4,4,6579.12
14295,41,1,1031.16
14297,18,4,7641.87
14299,9,10,25087.2
14300,19,2,830.16
14301,118,1,6868.08
14304,223,1,1817.6
14305,54,4,18146.22
14306,52,2,13040.04
14307,89,6,23794.13
14309,9,9,17912.71
14311,243,1,1814.3
14312,47,6,11767.539999999999
14314,107,1,3156.88
14315,45,6,10705.71
14316,284,1,242.03
14317,65,1,2829.64
14320,207,2,3820.99
14323,115,3,4232.45
14326,243,1,1244.09
14327,164,1,1743.96
14331,125,2,2937.63
14332,16,4,5692.03
14333,68,1,1020.02
14334,17,8,19726.59
14335,17,2,4047.7799999999997
14336,17,4,16265.33
14338,162,2,4036.59
14339,243,1,2039.02
14340,165,2,1229.6
14341,46,8,14396.99
14342,22,4,4241.74
14344,128,8,5801.21
14345,39,1,624.1700000000001
14346,121,2,6900.599999999999
14348,261,1,2295.35
14349,11,1,551.21
14350,275,1,2165.73
14352,158,4,6619.79
14353,216,1,748.9
14354,6,2,1755.3
14356,36,3,14852.92
14357,44,1,1693.95
14359,20,3,4737.4
14360,32,4,13354.98
14362,23,1,1067.58
14364,109,8,18538.81
14368,320,1,527.88
14369,8,1,117.61
14371,296,1,451.52
14373,359,1,252.7
14375,186,1,2127.34
14377,192,2,2877.1099999999997
14379,45,2,3337.2599999999998
14381,53,1,1692.1799999999998
14382,27,1,13043.199999999999
14383,39,4,9608.97
14385,10,4,1180.99
14386,297,1,699.4
14387,33,3,9514.61
14389,66,2,6474.26
14390,11,10,22749.14
14393,219,1,202.88
14395,3,9,19340.82
14396,66,2,2768.99
14400,150,2,6073.139999999999
14403,131,4,6831.84
14404,34,6,8289.83
14406,120,1,826.0
14407,108,5,16316.36
14408,11,7,18183.84
14409,72,6,13369.1
14410,93,9,6913.7699999999995
14411,74,2,8554.16
14412,43,3,8985.25
14413,363,1,798.55
14416,23,2,3719.14
14419,11,6,5354.55
14420,100,1,3820.58
14421,58,3,24639.89
14423,219,1,1501.44
14424,18,2,867.12
14427,51,3,3676.9
14428,8,5,5095.17
14431,303,1,1814.42
14432,10,6,22043.93
14434,22,6,5179.360000000001
14435,2,1,12.38
14436,99,1,1413.42
14438,295,2,680.8399999999999
14439,320,1,8118.66
14440,9,5,7362.74
14441,1,4,6326.4800000000005
14442,205,2,6569.88
14443,54,4,11009.59
14446,1,4,9076.92
14447,19,5,6327.98
14448,10,2,804.9
14449,19,4,8293.35
14450,181,3,2928.13
14451,61,2,4116.1
14452,11,2,1019.33
14453,191,2,16461.45
14457,311,1,1018.3599999999999
14459,156,1,9067.619999999999
14460,111,3,9476.16
14461,81,5,17520.66
14462,67,11,11802.71
14463,99,3,2352.1400000000003
14465,247,3,5057.24
14466,30,7,12639.72
14467,18,4,3439.71
14470,12,2,2097.9
14472,104,8,13532.08
14473,61,3,1366.39
14474,47,1,1996.3
14475,72,3,4916.43
14476,258,1,1325.1799999999998
14477,20,5,21015.2
14479,254,2,1523.26
14480,12,1,883.07
14481,165,2,5664.59
14482,19,7,16490.74
14483,282,1,1134.6599999999999
14484,51,1,2298.04
14485,39,1,865.6999999999999
14487,27,6,8417.92
14488,68,1,8601.32
14489,208,1,2690.2599999999998
14491,176,2,1774.02
14492,326,1,113.44999999999999
14493,8,5,12887.71
14494,26,2,1352.92
14495,51,3,1204.04
14496,155,4,3191.35
14497,310,1,2895.85
14498,1,6,17455.59
14499,27,3,5762.53
14500,89,3,1565.04
14501,184,2,1907.6
14502,20,11,17492.65
14503,4,6,20398.81
14504,48,4,3846.7400000000002
14506,18,6,9233.9
14507,24,6,7367.0599999999995
14508,23,2,1590.71
14511,12,7,13011.81
14512,11,3,10362.33
14513,101,3,4167.67
14514,62,4,6826.5199999999995
14515,18,6,12433.61
14517,34,2,1271.3799999999999
14518,65,1,3027.32
14520,2,2,930.04
14522,25,4,6379.969999999999
14523,109,1,2820.2200000000003
14524,32,9,8591.94
14528,38,1,3222.7
14529,61,3,3917.98
14530,26,7,17712.62
14532,237,4,3867.23
14535,61,3,21512.87
14536,260,2,850.28
14537,58,2,1986.8999999999999
14538,65,2,1986.42
14539,16,3,2977.89
14540,10,3,4412.94
14541,59,9,9910.36
14542,186,2,1806.82
14544,25,3,18074.649999999998
14545,207,1,901.83
14546,6,5,14341.74
14547,4,8,25625.87
14548,151,2,3292.16
14549,312,1,1629.32
14550,11,2,3620.44
14551,19,4,23798.21
14552,152,2,2599.88
14553,20,6,13193.279999999999
14554,11,4,15035.91
14555,58,3,1594.28
14557,86,1,6035.36
14561,76,3,11500.85
14565,96,4,18117.08
14566,111,1,4832.0
14567,57,2,5790.8
14569,2,1,496.36
14570,281,2,1169.82
14572,4,7,17165.68
14573,180,9,7105.93
14577,13,5,7084.59
14578,4,1,1484.8500000000001
14580,40,1,2201.7999999999997
14581,17,1,1342.48
14582,41,1,864.99
14583,6,5,7667.05
14584,170,4,4963.63
14586,277,1,4794.0
14587,19,9,8908.31
14591,16,4,8610.36
14592,36,3,4743.32
14593,22,3,3837.9
14594,8,2,2016.96
14595,20,6,11747.67
14597,12,2,4302.28
14598,45,2,5391.09
14600,306,1,1684.19
14601,11,2,4955.94
14603,275,1,4776.0
14608,5,4,5412.57
14614,163,1,16523.57
14616,243,3,1481.92
14618,10,3,2361.3599999999997
14619,246,1,1962.04
14620,206,2,2616.37
14621,2,5,9385.81
14622,185,1,1639.26
14623,33,5,4774.57
14624,58,2,1832.4399999999998
14625,197,2,4290.02
14626,24,4,15630.369999999999
14628,92,2,3476.57
14629,5,2,3828.16
14631,51,4,13412.39
14632,263,1,1040.18
14633,40,2,2096.27
14636,37,2,2972.36
14638,51,1,2155.98
14639,53,6,17725.94
14640,25,6,11179.0
14641,22,1,970.14
14642,59,1,877.76
14643,171,2,8210.24
14644,68,2,3495.4
14645,157,4,10895.68
14647,202,1,1174.51
14649,5,4,9896.07
14650,355,1,939.29
14651,68,2,4185.5
14652,53,2,3513.27
14653,2,7,9614.73
14655,9,5,11411.54
14656,170,3,2834.86
14657,18,4,5645.33
14658,6,2,460.96
14659,9,9,13524.01
14660,87,2,2629.48
14661,27,1,469.35999999999996
14662,29,4,6623.8
14664,20,2,5319.07
14665,61,5,8795.76
14666,25,1,1773.02
14668,80,2,5954.5
14669,242,3,9146.49
14670,281,2,3732.13
14672,235,2,5437.74
14673,4,5,10324.539999999999
14674,253,1,80.68
14675,17,1,2171.42
14677,214,1,1490.59
14678,362,1,401.49
14681,72,4,1784.72
14682,188,2,873.5999999999999
14683,162,1,839.99
14684,26,6,10774.26
14687,107,1,5461.24
14689,209,1,858.68
14690,45,2,2075.45
14691,31,5,8869.15
14692,138,4,3322.16
14693,265,1,525.72
14694,10,1,3509.6200000000003
14696,5,7,17629.03
14697,219,2,2048.58
14698,2,5,6553.56
14699,215,1,901.01
14700,33,4,15229.07
14701,11,9,10369.53
14703,15,1,1166.3700000000001
14704,20,8,19557.86
14705,199,1,604.0
14708,3,3,6227.33
14710,15,4,4220.91
14711,11,11,12174.97
14712,30,3,4168.5199999999995
14713,10,11,17161.36
14714,25,1,2511.35
14715,25,4,6204.03
14716,44,2,5363.13
14718,354,1,3678.5299999999997
14719,2,6,13542.27
14720,6,3,2363.45
14722,148,2,5870.9
14723,11,7,7056.96
14725,25,1,6699.42
14727,275,1,910.72
14730,2,9,11964.02
14731,48,3,2959.71
14732,9,8,15954.33
14737,4,4,7991.97
14738,43,8,10949.65
14740,198,3,9017.1
14741,12,6,9267.58
14744,17,7,4801.26
14745,113,5,10737.89
14747,250,1,1197.23
14751,10,2,928.72
14752,44,1,3064.96
14753,88,1,2313.07
14754,45,3,12346.15
14756,16,2,3066.0
14757,46,2,1997.46
14758,145,4,5815.34
14759,5,3,5406.51
14760,298,1,501.36
14761,59,2,1471.7
14762,264,1,3624.2599999999998
14764,47,1,2232.72
14765,30,3,1644.08
14766,9,6,15056.72
14768,18,3,2504.35
14770,233,3,6797.97
14771,290,1,1085.04
14772,113,1,983.3199999999999
14773,143,1,10429.4
14774,159,1,10258.6
14775,59,3,13070.64
14777,142,1,778.64
14778,128,2,3691.54
14779,281,3,1256.67
14780,55,3,3442.3
14782,320,1,1373.3799999999999
14784,27,2,2726.44
14785,11,2,537.36
14788,8,2,3757.48
14789,29,1,1391.6
14790,17,4,6867.64
14792,64,1,26.86
14793,22,1,1042.78
14794,3,7,6267.63
14795,167,1,309.01
14798,53,3,1715.3999999999999
14799,52,1,1658.42
14801,62,1,1967.33
14803,163,3,4658.68
14804,9,1,747.79
14805,16,4,1443.8700000000001
14806,76,1,3580.5
14808,40,8,24965.17
14813,179,3,5499.71
14815,37,2,8423.62
14816,198,1,1242.15
14817,151,3,15127.89
14818,74,4,10564.99
14819,65,2,1346.98
14820,22,5,3133.4
14821,178,2,813.62
14823,181,3,1231.37
14824,11,4,4354.1
14828,197,3,24460.7
14829,30,4,5162.87
14830,54,1,1739.43
14834,18,6,8455.36
14836,11,2,469.25
14837,90,4,16113.58
14840,24,2,18594.28
14841,54,6,19911.74
14842,44,4,14634.68
14844,64,4,18847.99
14847,94,3,11491.38
14850,312,1,3336.67
14851,24,2,3855.07
14852,59,6,20390.02
14853,25,2,1328.0
14854,79,7,21402.8
14855,120,2,3099.92
14856,37,3,8307.07
14857,60,4,17229.45
14859,13,4,6047.46
14860,20,1,2552.6
14861,53,1,1328.16
14862,26,2,8594.92
14863,30,1,1626.48
14865,8,2,1108.8
14867,186,3,4089.62
14868,4,8,15651.9
14869,9,2,5172.5199999999995
14870,262,1,1555.06
14871,4,4,1855.63
14873,211,1,2254.56
14875,108,2,7158.62
14878,13,10,10504.55
14880,78,3,4423.139999999999
14881,20,1,3500.6
14882,27,2,2223.56
14883,19,8,11107.789999999999
14885,132,1,8205.32
14886,253,1,1775.06
14887,80,1,7139.0
14888,208,1,1659.82
14889,337,1,1001.88
14890,254,1,651.48
14891,149,2,5141.04
14893,10,2,5159.59
14894,86,1,3388.12
14896,205,2,3340.21
14897,8,5,11719.289999999999
14898,24,7,11462.949999999999
14901,12,9,7671.089999999999
14902,26,1,2513.54
14903,22,5,18481.68
14904,3,2,15133.16
14905,158,2,3510.66
14907,4,8,18872.61
14908,75,1,1637.56
14910,3,4,2348.79
14912,17,2,8311.52
14913,36,4,18999.28
14915,92,2,1463.04
14916,71,4,11749.7
14918,116,2,8568.52
14920,213,3,6117.34
14921,31,2,11116.029999999999
14922,299,1,21.17
14923,51,1,5052.08
14924,246,1,973.75
14929,33,1,1623.34
14931,5,5,4651.5
14932,178,2,7029.78
14934,82,2,12199.35
14935,298,1,11415.0
14937,57,3,6622.44
14938,141,2,9724.289999999999
14946,15,1,159.28
14947,73,2,2106.98
14948,24,6,8026.57
14949,267,1,269.8
14950,20,1,1774.34
14951,80,1,3507.16
14953,26,1,2545.25
14954,13,1,812.88
14955,352,1,2369.1
14957,254,1,408.41
14958,148,3,1807.74
14959,65,4,5776.139999999999
14960,9,2,1477.7900000000002
14962,271,1,580.91
14963,10,5,11807.65
14964,248,2,6692.19
14965,97,2,4220.37
14966,15,1,1108.01
14967,50,2,5937.01
14968,31,1,1415.8700000000001
14970,69,4,4161.9800000000005
14971,36,3,7675.0
14972,129,1,404.63
14973,108,4,5513.21
14974,38,1,458.99
14975,58,1,4181.71
14976,58,6,3172.19
14977,332,1,17352.73
14978,73,5,7228.8099999999995
14979,352,1,84.5
14981,247,1,919.9
14984,20,2,801.86
14985,199,2,2886.06
14986,352,1,87.36
14987,16,2,1219.2
14988,212,1,1776.07
14991,352,1,265.15999999999997
14993,141,1,82.08
14995,39,3,7010.7699999999995
14997,47,5,18413.82
14998,171,3,4314.75
14999,141,1,535.55
15000,48,1,2737.0099999999998
15002,116,4,10085.52
15004,148,1,7626.0599999999995
15006,52,2,3449.39
15007,160,2,4961.87
15009,13,3,6763.12
15010,36,2,3319.42
15012,54,2,2702.97
15014,44,2,1785.04
15016,173,1,953.31
15017,34,1,774.4
15018,39,4,2501.96
15019,267,1,1766.16
15021,9,10,9595.97
15022,12,4,5373.23
15024,10,10,10034.26
15025,34,1,2238.64
15026,81,3,2775.93
15027,31,5,6730.349999999999
15028,9,4,4978.06
15030,72,2,4344.84
15031,5,4,4439.3099999999995
15032,257,3,21334.49
15033,5,10,18687.4
15035,90,1,2769.86
15036,73,3,3611.91
15038,59,6,2875.7
15040,249,1,63.900000000000006
15041,158,2,1509.75
15042,200,1,446.76
15043,32,1,2416.0
15045,152,2,1922.48
15047,270,1,2627.74
15048,66,4,2346.47
15049,274,1,769.79
15050,26,3,14211.519999999999
15051,24,3,11317.43
15052,320,1,1022.61
15053,5,3,8200.88
15054,13,2,1837.43
15057,276,2,8372.9
15058,26,11,12574.4
15059,41,9,7561.23
15060,9,4,1721.25
15062,72,4,7908.92
15063,214,1,954.02
15066,54,1,4165.02
15067,79,3,11325.12
15068,47,2,4297.8
15069,180,1,6345.02
15071,94,2,3763.64
15073,10,3,5659.44
15074,106,1,4868.08
15075,78,1,5373.61
15076,101,2,6767.5
15079,213,4,4546.69
15081,23,6,3777.25
15083,257,1,480.02
15085,298,1,15.84
15087,64,3,22398.65
15088,22,3,6020.17
15089,11,6,15587.539999999999
15090,309,1,2463.18
15091,68,1,3977.04
15092,216,2,1852.82
15095,104,4,12464.1
15096,43,1,1454.75
15097,5,1,1048.88
15098,183,3,1812.85
15099,85,1,3936.25
15100,334,3,1717.6
15101,9,2,1910.97
15103,32,2,4092.73
15104,197,3,19389.17
15105,19,7,14768.039999999999
15106,18,5,12643.539999999999
15107,312,6,2069.78
15108,142,3,6210.23
15109,246,2,1894.79
15110,24,4,3541.96
15111,30,3,8883.16
15112,177,1,8401.53
15113,10,3,22391.65
15115,19,1,1957.74
15116,18,4,8027.57
15117,15,5,17424.99
15118,135,2,15016.33
15119,246,1,1174.91
15120,134,1,3401.84
15121,51,2,2508.64
15122,115,3,8586.14
15123,8,2,10496.86
15124,23,2,2577.63
15127,66,1,2989.12
15128,61,4,15272.4
15130,170,1,2357.44
15132,19,5,7841.94
15133,128,3,7976.7
15134,15,8,10074.29
15135,240,1,583.21
15136,3,4,7528.04
15137,44,1,4694.5199999999995
15138,32,1,10110.26
15139,240,2,2315.0
15140,53,8,18556.36
15142,47,1,4058.58
15143,226,1,1803.19
15145,5,4,8224.89
15146,165,2,16458.25
15147,241,1,4390.16
15148,11,1,1253.17
15149,134,1,1845.58
15153,32,1,2366.92
15154,76,1,1166.79
15156,2,3,5097.0599999999995
15157,4,3,24102.21
15158,46,1,2136.06
15160,358,1,1023.0
15162,157,1,8060.65
15163,19,2,2218.58
15164,69,4,13302.42
15167,321,1,822.84
15168,26,1,642.3199999999999
15171,332,1,4293.9
15172,9,5,15752.32
15174,323,1,1506.16
15175,72,1,4882.96
15177,32,1,13012.02
15178,261,1,287.79999999999995
15179,19,5,21818.1
15181,67,3,6283.24
15182,155,2,2861.24
15184,30,3,10525.24
15185,71,1,7143.72
15186,15,3,7480.56
15188,184,1,2347.6800000000003
15192,120,3,10480.82
15193,61,1,1987.92
15195,3,1,8690.76
15197,11,3,4634.17
15198,93,2,1428.3999999999999
15199,60,4,5358.4400000000005
15201,88,5,13544.619999999999
15203,26,7,17326.65
15204,358,1,2909.1
15205,86,2,4422.57
15206,11,4,1610.46
15207,239,1,1044.45
15208,2,6,5413.25
15210,226,1,2676.4700000000003
15211,61,3,4158.78
15212,242,1,473.32
15213,319,2,2761.62
15214,2,8,13178.1
15215,47,4,4921.51
15216,88,1,266.59999999999997
15217,75,2,129.25
15219,177,2,825.8199999999999
15220,52,7,16415.77
15221,92,2,6952.0599999999995
15222,319,1,4523.6
15223,226,3,2980.65
15224,359,2,1888.1599999999999
15225,235,1,2736.22
15226,311,1,885.92
15227,37,5,8937.34
15228,67,4,26583.52
15229,176,2,7507.099999999999
15230,240,3,4217.35
15232,114,2,7534.719999999999
15234,277,1,2149.38
15236,299,1,3086.24
15237,2,5,12151.18
15238,30,4,8374.08
15239,11,2,5695.99
15240,45,5,15602.25
15241,67,8,20168.3
15243,75,2,2326.7599999999998
15244,66,2,4742.46
15245,135,3,19894.14
15246,239,2,2998.76
15247,123,1,2004.7199999999998
15250,192,1,30.970000000000002
15252,37,2,6109.23
15253,17,6,8574.07
15254,128,1,2940.7400000000002
15255,67,1,5924.73
15256,149,1,604.85
15257,284,1,796.53
15258,169,2,2093.98
15260,101,7,10746.69
15261,136,1,3028.6
15262,324,1,931.56
15263,107,2,1116.5
15264,65,1,3057.85
15265,152,2,7816.08
15266,339,1,306.77
15267,23,6,11728.18
15269,24,1,685.44
15270,16,7,15379.19
15272,58,2,3901.15
15274,5,2,5812.22
15275,38,1,5672.74
15276,67,1,745.08
15277,47,1,2363.52
15278,192,1,4638.9
15279,355,1,2235.12
15280,173,1,1694.23
15281,59,9,14557.6
15286,50,1,810.31
15287,23,2,4877.45
15288,44,5,10063.92
15289,30,3,11295.24
15292,202,1,657.55
15296,51,7,21813.63
15297,11,4,7259.97
15300,65,1,3382.2599999999998
15303,291,1,3070.27
15304,61,8,1777.54
15306,65,4,14416.4
15307,96,1,589.59
15308,275,1,2112.0
15312,76,4,6236.099999999999
15313,43,2,254.39
15314,200,2,3556.65
15315,65,2,9419.7
15316,327,1,597.0
15317,284,1,1104.71
15318,4,1,4119.78
15319,165,2,2621.93
15320,45,1,3615.85
15321,71,3,14742.11
15322,86,1,4960.46
15323,191,3,4832.17
15325,104,1,2533.37
15326,191,2,4912.97
15327,53,1,1403.22
15329,26,4,22564.44
15330,33,2,14182.56
15333,209,1,4578.96
15334,157,3,3137.99
15335,54,1,977.9
15337,165,1,60.62
15339,67,3,7522.41
15341,81,1,9183.32
15342,130,1,3316.75
15343,88,1,1234.52
15344,1,4,11919.04
15345,46,1,1233.46
15346,99,2,1812.98
15348,73,1,957.36
15349,159,2,3765.6
15351,13,7,8578.34
15353,255,2,4284.09
15355,30,2,630.8100000000001
15356,32,10,17913.29
15360,40,1,2724.32
15361,11,2,3904.49
15364,96,3,6181.92
15365,26,7,12625.24
15366,76,2,6982.33
15367,58,4,12283.48
15368,22,1,2814.7000000000003
15370,41,7,10829.86
15373,9,11,7025.1
15374,68,2,9066.039999999999
15375,338,1,23.32
15376,41,3,7525.29
15379,170,7,26026.35
15380,9,5,4996.42
15381,214,2,2364.69
15384,170,3,6684.13
15385,41,1,1974.78
15386,187,1,4975.66
15387,317,1,61.34
15388,271,1,1046.04
15389,173,2,8446.8
15392,5,4,13495.12
15393,17,2,1496.12
15394,10,4,8628.16
15395,326,1,284.37
15396,113,1,1545.82
15397,290,1,301.35
15398,17,2,6611.06
15399,2,4,6887.04
15400,93,6,4437.12
15402,149,2,7747.15
15405,190,1,2336.32
15406,32,2,2853.31
15407,34,4,6694.38
15408,265,1,1360.31
15410,85,8,15836.22
15411,27,4,6657.51
15412,172,1,1302.18
15414,10,3,4182.88
15415,314,1,6064.32
15416,65,4,25011.6
15417,86,2,8807.72
15419,25,1,2496.96
15420,128,1,6711.0
15421,59,4,5358.08
15422,324,2,489.56
15423,39,1,1062.0
15424,255,3,18217.88
15426,20,5,8162.52
15427,34,3,11365.15
15428,16,1,631.38
15429,27,2,4302.57
15431,2,1,86.66000000000001
15432,24,1,841.53
15433,145,3,12660.61
15434,9,6,21948.78
15435,23,1,706.41
15436,13,3,6346.74
15437,263,1,1008.6999999999999
15438,132,1,765.22
15439,2,1,11119.980000000001
15440,55,3,2375.15
15442,249,1,1838.4
15443,2,7,16661.53
15444,10,2,5993.63
15445,265,1,710.76
15447,331,1,1030.28
15448,305,2,10704.57
15449,27,3,9140.09
15450,31,2,5580.77
15452,30,3,3351.56
15453,2,7,9593.64
15454,363,1,1064.92
15455,97,1,675.69
15456,284,3,6910.56
15457,263,1,1500.35
15458,26,1,1764.6
15460,355,1,1304.1
15462,95,3,2003.2399999999998
15463,30,1,1215.5
15464,339,1,4601.44
15466,86,1,2864.19
15467,10,3,3348.4
15468,52,2,2067.71
15469,51,2,2058.17
15470,61,1,48.519999999999996
15471,3,1,1578.26
15472,114,1,2903.89
15473,15,7,7633.759999999999
15474,236,2,6661.17
15478,41,2,6621.98
15480,117,2,4808.78
15481,356,1,114.47999999999999
15483,162,4,3213.19
15485,31,3,15364.58
15488,93,1,816.48
15489,23,3,7393.839999999999
15491,96,6,20021.84
15492,1,3,18230.28
15493,33,6,8795.14
15494,22,2,12987.21
15497,18,3,8779.07
15500,9,4,6023.38
15501,155,1,132.81
15503,363,1,862.0
15504,82,1,392.37
15506,23,3,8902.9
15507,172,1,2115.38
15508,190,7,11234.68
15509,136,1,62.36
15510,331,1,1321.24
15511,12,5,3311.2
15512,156,2,820.9399999999999
15514,13,11,23621.43
15515,136,1,5743.3
15516,45,5,9041.289999999999
15517,234,1,3276.97
15518,65,8,14388.619999999999
15520,2,2,1958.98
15521,41,9,22228.16
15522,33,3,6179.47
15523,85,2,7703.21
15524,25,1,492.0
15525,3,5,7649.36
15526,34,2,398.15999999999997
15527,19,8,11209.6
15528,255,1,1471.12
15530,22,4,11148.869999999999
15531,9,2,11515.8
15532,26,4,6851.45
15533,20,3,3777.35
15534,88,2,7545.94
15535,174,4,1899.18
15537,164,2,542.68
15539,8,1,2592.05
15540,12,1,1238.0
15541,115,2,776.64
15543,289,1,1012.54
15545,55,2,1956.6399999999999
15549,78,3,8776.86
15550,5,4,2969.33
15551,37,1,2681.13
15552,218,1,707.22
15553,61,1,4810.89
15554,278,1,981.0
15556,25,1,2705.6
15557,29,1,2663.6
15561,12,4,2568.9700000000003
15562,352,1,537.81
15563,23,3,16165.039999999999
15565,51,3,819.72
15566,362,1,14893.16
15567,19,1,2476.5099999999998
15568,3,4,11351.97
15569,104,5,8235.199999999999
15571,12,4,2965.15
15572,5,7,14074.81
15573,32,2,4208.17
15574,178,4,4089.24
15576,38,1,4920.46
15577,152,3,1010.02
15578,163,1,663.2299999999999
15579,69,3,1540.68
15581,157,10,3413.69
15582,25,3,5280.4800000000005
15584,24,4,3624.87
15585,177,1,3746.4
15586,281,1,486.71999999999997
15587,51,4,4133.280000000001
15589,256,3,2980.99
15592,47,1,4026.64
15593,71,1,819.72
15594,16,5,11425.33
15595,355,1,5971.68
15596,101,5,7131.34
15597,36,1,3192.21
15598,54,1,1824.7
15599,27,3,13786.64
15602,9,9,12011.34
15603,79,1,1033.92
15604,53,1,1851.42
15605,37,5,5747.79
15606,62,9,12134.66
15607,337,1,2177.12
15608,29,4,8379.73
15609,185,1,1822.6799999999998
15610,52,1,667.86
15611,10,11,6183.16
15612,37,2,707.55
15618,33,4,5438.7699999999995
15619,11,1,841.84
15620,57,3,10910.44
15621,5,4,4544.65
15622,44,10,23609.82
15623,142,1,1589.74
15624,117,4,4238.22
15625,104,6,14866.009999999998
15626,75,2,8544.4
15628,5,10,21880.239999999998
15629,303,1,1579.06
15630,46,2,8920.53
15632,16,8,23176.15
15633,313,1,2222.9
15634,18,1,1264.23
15636,90,3,8776.86
15637,53,1,1541.04
15639,135,1,3746.48
15641,106,5,17551.579999999998
15643,192,3,3201.7599999999998
15644,167,4,6233.86
15645,19,1,3125.07
15646,158,3,4497.01
15648,205,2,2707.8900000000003
15649,337,2,2805.12
15651,37,4,11090.68
15652,92,1,2478.09
15653,93,3,14252.9
15654,10,3,5861.02
15655,244,1,3895.25
15656,46,4,4282.72
15657,23,1,276.71999999999997
15658,191,5,3529.88
15659,44,2,12299.289999999999
15660,26,9,11127.3
15661,318,2,2737.16
15663,107,1,1228.04
15664,51,1,2005.3
15665,169,2,18041.25
15667,40,1,2768.88
15668,218,1,816.48
15669,41,4,4206.38
15670,297,1,1109.99
15671,19,7,20086.51
15673,89,4,17011.26
15674,74,5,15212.73
15675,82,5,11806.3
15677,30,2,4002.1
15678,53,1,1628.18
15679,25,6,13173.8
15680,10,4,10237.07
15681,26,7,22760.91
15683,118,1,1479.3600000000001
15687,9,9,15455.19
15689,120,2,1121.3
15690,5,2,3588.24
15691,73,2,997.4399999999999
15692,29,1,1610.3400000000001
15693,73,1,451.34
15695,267,2,2593.12
15696,34,8,13150.5
15699,18,1,687.41
15700,66,3,9166.08
15701,3,4,9492.1
15703,265,1,893.22
15704,141,4,12466.2
15705,202,1,782.1199999999999
15706,64,4,4377.09
15707,36,4,6977.16
15708,41,7,15788.48
15709,284,1,1376.76
15712,10,5,5377.67
15713,53,4,16071.85
15714,12,4,3217.9100000000003
15715,124,1,7121.64
15716,146,4,8680.08
15717,235,1,871.34
15718,221,1,4411.97
15720,25,1,3456.7599999999998
15721,12,1,2641.41
15722,36,5,12750.61
15724,5,3,983.95
15725,16,1,1400.39
15729,213,1,374.08
15730,5,4,22959.89
15732,213,2,1957.7
15733,283,1,801.74
15734,115,3,4817.56
15736,354,1,2275.59
15737,15,8,6587.86
15739,67,2,7287.73
15740,10,3,3799.9900000000002
15741,354,1,786.21
15743,17,4,2605.39
15744,78,2,2230.1
15745,20,4,5250.38
15746,135,1,1978.66
15747,13,3,3726.69
15748,4,2,691.46
15750,3,8,18804.56
15752,40,7,20248.13
15753,305,2,1733.76
15754,52,3,2509.5299999999997
15755,11,6,16126.41
15756,62,4,2906.49
15757,66,2,5702.75
15758,25,2,5660.86
15759,29,4,3194.03
15762,66,2,3051.4
15763,32,2,3822.52
15764,89,6,23707.69
15766,65,1,2065.12
15768,116,4,4957.5
15772,290,1,1014.94
15773,6,1,1976.54
15774,69,1,1169.2
15775,246,1,804.42
15776,134,2,10605.119999999999
15777,242,4,4946.8099999999995
15779,269,1,45.96
15780,184,3,2741.69
15781,26,3,2136.97
15782,10,3,10445.3
15783,11,1,1312.28
15785,33,5,18254.07
15787,27,4,11707.1
15789,359,1,4849.48
15790,11,1,723.3000000000001
15791,44,2,8534.73
15793,15,3,5576.75
15794,312,1,2003.08
15795,150,1,6270.76
15796,2,8,10313.22
15797,114,3,9990.96
15799,76,3,10694.130000000001
15800,108,2,4042.8199999999997
15801,47,4,7605.99
15803,52,1,3398.6
15806,47,3,6974.74
15807,51,3,4975.12
15808,307,4,16244.58
15809,37,5,3613.56
15810,79,4,8806.949999999999
15811,23,7,14382.49
15812,108,6,22923.49
15813,208,2,7517.11
15814,17,4,13555.11
15815,64,5,21178.14
15816,151,1,14540.25
15818,65,1,19.42
15819,50,4,14631.06
15820,102,2,4950.93
15821,45,2,2410.9
15822,4,2,3420.63
15823,178,2,20642.98
15825,173,1,3713.36
15826,57,3,11385.14
15829,100,2,10861.06
15830,38,2,11164.31
15831,59,3,12521.58
15832,255,1,5562.34
15834,71,4,12873.77
15835,45,4,4553.09
15836,51,1,407.28000000000003
15837,59,2,5004.0199999999995
15839,34,3,7395.82
15840,59,4,16574.13
15841,73,4,10909.6
15843,304,1,398.61
15844,15,3,9141.68
15845,18,8,22474.25
15847,15,3,5009.53
15848,220,1,25.72
15849,312,1,283.31
15850,20,2,3271.23
15852,94,3,730.93
15853,52,2,1497.2
15855,137,5,5511.49
15857,19,1,3460.72
15858,16,6,12929.84
15860,41,8,5410.9
15861,13,8,25242.14
15862,9,5,8828.13
15863,26,2,259.09000000000003
15864,23,6,14205.02
15865,41,3,4689.34
15866,102,1,1481.94
15869,65,3,4437.61
15870,33,1,3773.1099999999997
15871,59,1,8655.97
15872,15,2,1348.67
15875,29,1,18013.59
15877,2,2,2368.52
15879,320,1,546.88
15880,361,2,3828.14
15881,313,5,2916.62
15882,199,4,3232.54
15883,3,2,1813.56
15884,361,1,1006.42
15885,94,2,1526.62
15886,61,1,1692.23
15888,81,1,853.37
15889,157,2,2460.52
15891,227,2,9986.68
15892,268,1,3756.83
15894,254,2,1928.45
15895,150,1,1147.29
15896,268,1,8416.08
15897,195,2,2487.18
15898,2,5,5840.78
15900,24,1,2559.47
15901,17,3,3840.3
15904,9,1,519.96
15906,20,8,8132.32
15907,4,3,4524.81
15909,174,1,1201.0
15910,1,9,9999.26
15912,179,2,2167.31
15916,17,9,8621.08
15917,248,1,556.61
15918,191,2,1898.3799999999999
15919,20,2,4381.38
15920,155,3,1131.04
15921,173,1,1956.5
15923,186,2,6446.47
15924,178,1,1577.72
15925,195,1,1165.44
15927,93,2,5886.29
15928,289,1,4530.82
15930,68,2,1509.03
15932,5,8,24497.72
15933,22,3,10090.56
15935,240,1,1279.1599999999999
15937,65,1,897.1
15938,113,6,4275.25
15940,312,1,77.68
15942,134,1,2723.74
15944,277,1,845.62
15945,249,2,784.4
15947,83,1,8536.92
15948,9,2,5929.14
15949,17,2,2682.84
15950,32,5,20379.73
15951,9,2,3113.33
15952,34,4,4759.12
15953,16,8,10290.36
15957,32,2,2536.15
15958,75,1,445.20000000000005
15961,197,1,1171.47
15963,20,2,3536.7799999999997
15965,18,4,4971.38
15967,24,2,2484.79
15969,3,3,1685.3
15970,304,1,1212.18
15974,40,7,26647.54
15975,85,1,2870.92
15976,166,2,3149.61
15977,18,2,11495.13
15978,78,1,10103.44
15980,89,3,18449.06
15981,25,8,19071.12
15982,78,1,71.67
15983,23,4,10581.699999999999
15984,3,10,17563.7
15985,124,3,15164.16
15986,31,1,2919.48
15987,13,7,16246.269999999999
15988,20,1,2005.52
15990,45,2,5053.76
15992,4,1,105.23
15993,9,8,22192.49
15994,55,1,2197.63
15996,89,6,4952.97
15998,37,5,23741.36
16003,30,5,16975.56
16005,13,4,2492.7400000000002
16006,212,1,964.95
16007,48,4,15628.11
16008,24,3,3254.95
16009,23,4,4687.66
16010,246,3,2411.69
16012,36,3,9639.949999999999
16014,38,3,3239.8
16015,4,3,8397.67
16016,4,8,6708.63
16017,48,1,1262.52
16018,40,2,2366.34
16019,47,9,21371.55
16020,17,3,4467.22
16022,261,1,3165.68
16023,47,3,4388.44
16024,13,1,2511.08
16025,30,1,3914.82
16026,44,1,2733.0
16027,92,6,12711.35
16030,310,1,3119.24
16031,93,2,4876.5
16034,197,3,2929.08
16036,88,2,7498.94
16037,270,3,5023.96
16038,8,3,2843.2
16040,66,4,8434.61
16041,31,3,19484.760000000002
16042,23,5,8703.02
16043,38,4,5949.21
16045,120,4,10567.84
16049,41,3,8823.41
16050,174,1,2990.52
16051,158,1,6706.79
16052,55,2,3295.55
16053,33,2,19059.82
16054,146,1,4698.3099999999995
16055,158,2,17273.84
16056,46,1,4131.2
16057,17,7,9276.199999999999
16059,66,6,8058.95
16062,10,4,8469.79
16063,261,1,3029.1
16066,17,6,15008.89
16070,23,2,5364.74
16071,45,1,1936.01
16072,289,1,2033.57
16073,298,1,617.28
16074,360,1,169.63
16076,4,10,16260.48
16078,284,1,245.12
16079,17,3,8771.5
16080,82,2,1410.6799999999998
16081,57,5,17959.47
16082,185,1,1722.6
16083,101,2,10657.06
16084,300,1,2661.0
16085,24,5,7525.08
16086,60,5,5277.88
16091,155,2,1653.62
16092,115,3,7274.76
16093,107,1,222.39999999999998
16094,12,4,6968.41
16096,265,2,1829.48
16097,241,1,1081.31
16098,88,7,8338.44
16099,51,3,4084.1
16101,71,1,7975.93
16102,43,3,11542.72
16103,8,6,7160.06
16104,62,2,11988.95
16105,249,1,3728.24
16106,66,1,869.62
16107,18,7,14044.04
16108,85,1,7043.1
16109,219,2,6899.52
16110,46,3,8719.31
16112,144,4,6083.12
16113,184,1,1969.66
16114,171,1,579.74
16115,10,8,11273.619999999999
16116,212,1,3169.91
16117,166,2,2159.17
16119,9,3,4293.69
16120,60,4,10341.03
16121,58,2,6584.36
16122,74,5,12338.58
16123,52,1,2057.7400000000002
16124,318,1,747.2
16127,40,1,3983.02
16128,18,6,11558.51
16130,330,1,1663.1599999999999
16131,52,7,23126.510000000002
16132,330,1,835.49
16134,22,2,4380.34
16135,263,1,2672.32
16136,60,3,5236.86
16137,71,1,4911.6
16139,19,3,4033.16
16140,66,2,8225.46
16141,89,1,3075.03
16142,250,1,4633.72
16143,4,6,11275.01
16144,247,1,343.52
16146,158,3,5128.43
16147,134,1,2781.96
16148,297,1,816.48
16149,5,2,2801.96
16150,8,7,12533.81
16152,269,1,8455.06
16153,50,5,11733.8
16154,43,1,1815.34
16156,9,9,14897.85
16157,16,3,3167.19
16159,282,1,2775.7999999999997
16160,66,2,11869.18
16162,211,2,4275.51
16163,157,4,12515.39
16164,18,3,5218.68
16166,256,1,1261.88
16169,9,4,13137.15
16170,51,6,20007.66
16171,60,1,321.0
16172,96,5,8925.08
16173,16,6,6456.09
16174,127,3,7470.14
16175,95,5,8078.08
16176,285,1,881.51
16177,51,1,1313.9199999999998
16178,139,1,1166.26
16179,61,1,1112.09
16181,43,2,1821.38
16183,68,1,1381.41
16184,65,6,6937.44
16185,17,2,2626.45
16188,45,4,8779.98
16189,16,2,1391.72
16190,41,1,1122.5500000000002
16193,237,1,2567.08
16197,3,1,74.93
16198,76,1,1722.44
16200,5,2,4570.32
16201,4,5,12822.06
16202,361,1,2332.12
16203,59,4,3292.7999999999997
16204,24,1,2628.08
16205,31,4,5641.46
16206,55,5,4590.75
16207,26,2,3175.5
16208,45,3,4958.71
16209,89,6,15961.970000000001
16211,89,1,2079.19
16212,20,2,3088.73
16213,79,1,654.96
16214,171,3,5332.46
16215,81,2,8849.11
16216,268,1,3540.82
16217,2,3,13121.48
16218,30,7,19895.62
16219,2,2,20078.03
16221,37,3,7994.55
16222,319,1,4111.93
16224,58,5,15333.689999999999
16225,45,7,17978.85
16226,204,3,2229.36
16227,226,2,1259.66
16229,88,2,3901.44
16230,190,2,4057.48
16232,44,4,6651.94
16233,72,3,2333.24
16235,41,4,4129.01
16236,79,1,2266.8
16238,2,1,4454.74
16239,57,2,2522.52
16242,9,7,18221.58
16243,34,3,1754.43
16244,212,2,10324.11
16245,24,4,11886.42
16247,171,1,1982.69
16248,62,1,956.1
16249,53,5,11581.23
16250,262,3,9864.79
16254,176,1,27.259999999999998
16255,17,8,19103.75
16256,267,1,6726.58
16257,177,1,32.75
16260,51,1,3644.3
16261,18,4,3797.05
16266,74,7,4807.59
16268,72,2,6085.66
16270,354,1,8220.88
16271,16,4,9463.58
16272,117,1,1912.88
16275,197,1,4017.92
16276,177,1,5136.84
16277,192,1,2995.89
16278,101,1,1748.86
16279,22,3,11614.89
16281,73,1,11387.86
16282,340,1,1340.98
16283,6,5,13460.59
16284,32,2,6297.91
16287,170,1,3200.1600000000003
16289,11,1,24.52
16290,43,1,28.18
16292,122,1,2267.45
16293,22,11,13463.78
16295,10,5,14661.48
16297,269,1,2421.18
16298,23,4,13905.82
16301,82,1,70.42
16302,127,1,1858.34
16305,139,1,2388.4
16306,214,6,5639.55
16309,107,2,5510.78
16311,18,2,3656.0
16313,4,2,1498.83
16315,284,2,1404.21
16316,65,8,19554.7
16317,120,3,10496.88
16318,36,1,2376.21
16319,218,1,1152.48
16320,173,2,8566.82
16321,73,5,1766.4
16322,2,2,2251.9
16323,197,1,725.0
16324,129,3,3161.33
16325,47,3,2597.06
16330,18,3,1764.7600000000002
16332,29,7,9790.83
16337,37,2,9508.94
16338,158,1,1121.6999999999998
16339,285,1,311.65
16340,108,1,5529.0199999999995
16341,25,4,13947.789999999999
16342,76,4,1629.98
16343,17,2,1279.83
16344,159,1,288.18
16345,45,1,4597.4
16347,12,2,2999.01
16348,33,7,9631.19
16349,291,2,21255.399999999998
16350,22,4,6393.49
16351,333,1,717.54
16352,11,3,2948.09
16354,64,2,1899.61
16356,198,3,1170.17
16357,34,3,3196.5
16358,2,4,12928.039999999999
16359,8,9,14349.99
16360,5,6,22629.0
16361,10,4,4837.11
16362,33,5,4187.68
16363,54,1,645.0
16364,12,2,2540.88
16365,18,9,6079.28
16366,8,2,3485.05
16367,38,3,11457.28
16368,3,2,2416.81
16369,19,3,11986.449999999999
16370,83,4,7026.599999999999
16372,34,2,1972.06
16374,67,2,2876.63
16376,9,2,7813.19
16377,268,1,16072.8
16378,248,3,3108.91
16379,5,4,14158.48
16380,62,1,16423.32
16383,75,2,5398.67
16384,90,2,3263.7799999999997
16385,61,3,3212.86
16386,29,4,7498.85
16387,323,1,547.64
16389,54,4,14120.109999999999
16392,270,1,2259.54
16395,61,5,16208.21
16398,155,3,10209.73
16399,20,2,2867.84
16400,95,1,2074.33
16402,265,2,1791.23
16403,313,1,1108.74
16404,71,1,2063.2799999999997
16405,303,2,2087.61
16406,19,2,7663.14
16407,13,10,12255.82
16409,37,5,14763.48
16411,20,2,1559.62
16412,54,1,725.31
16413,57,1,1785.69
16414,22,2,406.15
16415,45,1,1993.06
16416,27,3,7695.68
16418,45,3,3349.38
16419,113,6,5369.45
16423,25,1,2650.04
16424,192,1,1038.78
16425,303,1,2349.8
16426,3,10,11836.77
16427,264,2,1845.82
16429,107,1,383.88
16430,58,1,1363.93
16431,214,3,5120.37
16432,65,1,3123.86
16433,29,1,1275.26
16434,30,7,9338.75
16436,200,2,12416.76
16438,6,5,5084.2699999999995
16440,8,5,20821.14
16441,68,2,2163.56
16442,2,3,4471.46
16444,47,4,4728.29
16445,34,1,1361.49
16446,206,1,23.47
16447,136,1,2528.1
16448,199,1,966.51
16449,198,2,4486.87
16450,150,1,2130.56
16451,88,1,1379.58
16454,65,1,26.54
16455,64,7,12013.18
16456,100,5,10022.630000000001
16457,219,1,1648.76
16460,29,3,9803.38
16461,178,1,638.4399999999999
16462,61,4,341.28000000000003
16463,22,4,13377.9
16464,20,3,10909.039999999999
16465,61,1,7852.66
16466,34,7,9640.8
16468,75,2,3295.9
16469,24,4,3263.06
16470,52,4,6074.01
16471,11,2,4243.69
16473,165,3,2332.77
16474,8,7,10528.16
16475,89,4,3827.65
16476,337,1,14.61
16477,64,7,15073.83
16478,26,3,2635.08
16479,11,2,680.01
16480,76,2,5500.3
16482,16,1,2141.7400000000002
16483,193,1,528.14
16484,174,2,2257.2799999999997
16485,78,2,2964.3
16488,34,3,7903.72
16491,47,1,5648.95
16492,355,1,6876.679999999999
16493,80,5,14916.99
16494,297,1,7765.88
16495,4,4,3245.35
16496,9,4,12232.53
16497,50,8,17715.75
16498,162,2,564.6899999999999
16499,181,3,1752.8799999999999
16500,5,9,13566.05
16503,107,4,7000.48
16504,26,2,7977.81
16505,32,1,6701.76
16506,20,2,523.02
16507,81,2,8662.0
16509,297,1,1028.69
16511,22,3,4894.32
16513,5,5,5126.11
16514,155,3,10867.92
16515,53,5,10118.8
16516,31,1,698.8
16517,278,1,1150.65
16518,62,2,3848.11
16519,26,2,761.5699999999999
16520,187,3,6524.33
16521,155,1,5239.0
16524,215,2,5010.82
16526,172,1,1383.95
16527,82,1,1319.99
16528,4,1,1089.89
16529,191,1,2495.79
16530,127,1,68.59
16531,23,7,10653.93
16532,18,3,23243.52
16533,20,3,7371.79
16534,246,2,1174.49
16535,6,1,2188.4900000000002
16536,111,3,3134.84
16539,3,5,8567.960000000001
16540,47,1,5540.64
16542,54,1,593.98
16545,67,2,8147.54
16546,291,3,11691.57
16550,109,5,18139.47
16551,96,3,10840.94
16552,243,2,2634.12
16554,43,3,4978.15
16555,36,2,2026.99
16556,67,7,22573.41
16557,25,2,1426.54
16560,27,2,5778.889999999999
16561,6,2,2465.0299999999997
16563,54,1,6085.9800000000005
16565,74,2,949.06
16566,16,6,3938.82
16567,74,3,25235.24
16569,4,1,575.67
16570,16,10,22669.239999999998
16571,27,3,14156.98
16572,128,3,6487.349999999999
16573,85,2,4370.05
16574,36,2,4772.3099999999995
16581,183,1,1481.76
16582,114,1,2002.14
16584,81,4,8422.07
16586,249,1,1449.43
16587,233,1,958.41
16588,25,1,57.199999999999996
16589,72,3,4242.64
16591,69,1,639.0600000000001
16593,51,3,1527.4499999999998
16594,76,1,841.53
16595,62,1,3654.09
16596,16,3,1046.23
16597,5,1,1127.92
16598,286,1,897.0799999999999
16600,5,6,10645.83
16601,41,1,1580.06
16602,37,2,9139.199999999999
16603,75,2,5354.64
16609,16,7,23794.5
16610,172,2,768.4
16611,187,1,614.39
16612,33,4,5731.69
16613,71,1,3637.13
16614,183,1,2804.89
16616,16,2,2961.12
16617,25,2,21188.92
16618,32,5,16684.42
16619,264,1,1595.07
16620,4,2,776.0200000000001
16621,52,4,3929.25
16623,246,1,532.41
16624,81,2,5746.34
16625,275,1,1838.59
16627,80,1,1991.29
16628,30,5,13197.69
16629,74,2,5430.66
16633,18,6,14592.98
16634,223,2,1063.68
16637,33,4,10685.22
16638,23,10,14585.39
16639,32,3,6214.72
16641,106,2,3021.96
16642,5,3,5042.95
16643,172,3,8661.41
16644,24,3,19640.489999999998
16647,170,2,1715.8600000000001
16648,43,1,3178.16
16649,355,1,145.68
16650,72,1,4344.46
16653,17,2,8435.64
16654,142,4,3506.32
16657,10,4,11051.88
16659,190,1,778.08
16660,17,4,4904.2
16664,313,1,4331.8099999999995
16665,80,3,4627.849999999999
16666,20,2,2595.04
16667,69,3,4019.6
16668,16,7,4545.6
16669,24,2,10224.15
16671,29,3,10703.8
16673,214,1,748.9300000000001
16674,5,3,2166.34
16676,34,5,8281.08
16680,44,1,972.66
16681,73,6,16236.0
16682,5,5,10942.8
16683,199,2,1511.47
16685,62,2,4378.87
16686,48,7,23158.99
16687,214,1,1996.48
16688,2,5,18277.97
16689,76,2,3815.6200000000003
16690,73,2,1645.7399999999998
16692,257,2,2702.46
16693,69,2,2570.2799999999997
16696,30,6,15062.6
16697,242,1,392.33
16698,227,2,10655.199999999999
16699,251,1,148.25
16703,279,1,18.4
16706,38,3,2835.54
16708,46,2,6141.21
16709,85,5,11827.5
16710,20,10,21019.06
16711,4,4,7942.64
16712,10,11,19469.64
16714,243,3,8660.61
16715,79,2,6922.1
16716,267,2,2153.52
16717,24,7,23309.53
16719,15,7,12618.18
16720,27,2,1688.25
16721,263,1,2062.69
16723,92,2,4633.2300000000005
16724,361,1,13.27
16725,303,6,3629.29
16726,27,5,11078.48
16728,47,4,7951.62
16730,53,3,10949.25
16732,32,1,3867.97
16734,53,3,4198.93
16735,79,5,17459.87
16737,54,1,3381.12
16738,242,2,9114.55
16739,177,1,2093.95
16742,354,1,708.55
16743,30,7,23117.56
16744,12,7,8288.86
16747,38,2,6770.18
16748,18,5,6830.34
16750,45,5,2820.49
16751,31,1,11306.14
16753,59,1,1918.93
16755,115,3,12160.57
16756,102,2,6678.85
16757,319,1,939.54
16758,66,1,2336.02
16759,8,4,5102.85
16761,97,1,3819.9199999999996
16762,20,3,5798.68
16763,199,1,3896.33
16765,295,1,75.84
16766,274,2,6668.08
16768,48,3,2498.81
16769,261,1,1190.44
16770,58,5,5449.44
16771,34,5,17135.04
16772,143,1,16086.039999999999
16773,58,1,1928.58
16774,68,4,3977.94
16775,11,11,5990.65
16776,61,1,2984.0
16777,81,2,797.93
16778,75,2,2240.2799999999997
16780,101,3,4856.65
16784,20,1,356.24
16788,124,3,10349.289999999999
16789,9,1,198.08
16790,4,6,9359.23
16791,30,7,9298.28
16792,283,2,564.08
16793,58,1,1746.28
16794,2,10,8860.76
16796,90,1,2219.64
16797,52,1,5846.3
16800,12,1,3269.51
16801,164,5,7956.64
16803,19,2,2950.17
16804,24,3,3006.4700000000003
16805,151,3,6011.6
16806,104,4,4393.08
16807,143,3,7826.0199999999995
16808,100,3,2582.79
16809,24,6,12002.79
16810,159,2,3108.14
16811,5,4,5234.63
16812,361,1,1321.44
16813,9,10,15170.32
16816,104,4,3235.77
16817,3,9,9354.49
16818,11,11,25298.02
16820,96,1,3595.37
16821,333,1,13648.699999999999
16823,228,1,1761.03
16824,16,2,2317.08
16825,39,2,6595.68
16826,52,2,6533.0199999999995
16827,15,1,7901.400000000001
16828,15,2,724.15
16829,157,1,1216.76
16830,39,1,2977.88
16832,185,3,476.9
16833,2,5,4527.54
16834,213,2,4130.24
16835,129,2,562.9
16836,40,2,1949.5
16838,102,3,8364.3
16841,37,6,24977.26
16842,101,3,8034.099999999999
16844,18,1,18559.23
16846,51,1,1603.3
16847,44,1,997.68
16848,53,1,2029.94
16849,187,1,465.89
16850,334,1,2892.75
16851,5,3,2779.46
16852,11,2,669.4
16855,24,2,2017.35
16856,15,2,1422.16
16859,145,2,9217.8
16861,60,2,1612.88
16863,32,2,4707.46
16865,142,3,1469.62
16866,141,4,1322.56
16869,23,4,6677.21
16871,23,6,15485.21
16872,78,3,6848.81
16874,159,1,564.16
16875,68,5,12196.65
16877,13,6,5142.49
16878,85,1,136.59
16880,31,7,8998.98
16881,67,1,6594.0
16882,67,3,5068.5
16883,45,3,1563.97
16884,38,2,3702.35
16885,16,3,1775.21
16887,36,1,1790.19
16889,195,3,10740.289999999999
16891,2,6,3302.05
16892,2,5,2241.55
16895,65,1,1109.69
16896,65,1,927.8
16897,300,2,1045.19
16898,27,3,4681.57
16899,8,7,11984.82
16900,17,3,8961.65
16902,117,1,8196.5
16903,30,1,2798.5299999999997
16905,6,7,16261.94
16906,82,4,3238.7
16907,30,5,3883.06
16909,9,2,5041.69
16910,5,8,9256.83
16912,29,11,12443.85
16913,291,1,956.81
16914,37,1,986.42
16915,10,6,1707.16
16916,24,3,5201.01
16917,277,1,2779.7599999999998
16918,33,7,11064.66
16919,157,11,17012.93
16921,62,1,1705.6
16924,22,3,5287.45
16925,186,1,3688.94
16927,116,3,10734.36
16929,4,7,8767.08
16930,27,4,3884.15
16932,52,2,945.72
16933,2,3,11189.86
16934,55,2,5023.11
16936,26,1,1972.19
16937,122,1,5.97
16940,53,3,24117.14
16942,13,9,8420.17
16943,212,3,2323.34
16947,236,1,3614.8799999999997
16948,139,3,16990.48
16949,4,7,16665.45
16950,57,3,7807.67
16951,135,3,14818.88
16952,110,2,1077.56
16953,31,1,61.900000000000006
16954,1,9,11507.91
16955,185,4,3257.81
16956,18,1,686.34
16957,240,2,2190.0
16959,88,1,622.49
16960,39,3,3488.29
16961,117,1,1521.1399999999999
16963,188,1,471.94
16965,227,1,2687.9500000000003
16966,9,7,19152.739999999998
16967,190,1,3740.2799999999997
16968,5,2,2651.19
16969,40,3,9004.67
16971,39,2,4336.7
16974,101,1,5479.33
16975,320,1,12563.5
16976,267,2,2236.2200000000003
16978,78,1,2035.71
16979,4,6,10287.81
16980,256,2,8513.12
16982,61,1,2199.26
16983,4,8,24733.02
16985,18,10,24316.49
16986,30,2,6287.6
16987,4,7,5254.72
16988,6,1,259.72
16989,8,7,13447.789999999999
16990,219,1,604.0
16992,11,5,9852.92
16995,331,1,11397.1
16996,31,7,6622.59
16997,289,3,2206.8
16998,150,4,1081.3400000000001
16999,24,2,2843.8
17001,1,11,21680.74
17002,86,3,8366.98
17004,47,2,8295.09
17006,5,4,2983.04
17007,51,8,8027.09
17008,228,1,997.64
17010,19,1,1409.72
17011,31,1,2184.04
17013,212,1,8706.01
17014,9,3,2341.69
17015,29,3,22158.29
17018,41,2,2747.2000000000003
17019,12,4,8763.289999999999
17022,32,1,1118.02
17024,46,4,1389.4099999999999
17025,61,3,2775.57
17026,186,2,1152.76
17027,79,7,9312.949999999999
17029,111,2,2416.0
17030,64,1,1536.3
17031,12,2,1696.15
17033,87,4,8762.539999999999
17034,17,3,3835.81
17035,246,2,2791.4
17037,88,1,7776.94
17038,31,2,11033.83
17040,138,1,2315.88
17041,27,3,10121.7
17042,3,5,10696.62
17043,33,4,12006.96
17044,26,1,6139.68
17045,114,4,1710.44
17046,158,2,8954.08
17047,86,3,6407.12
17048,118,3,5609.93
17050,97,6,19612.22
17051,195,1,2015.6299999999999
17052,29,2,21872.07
17053,131,1,1761.3400000000001
17054,29,6,13544.14
17058,82,3,7277.09
17059,30,5,20309.7
17060,267,1,2454.72
17062,314,4,4702.0599999999995
17063,22,7,8041.7300000000005
17064,59,4,4266.33
17069,29,9,16518.63
17070,115,1,1612.51
17071,29,9,14394.3
17073,18,4,9187.94
17074,38,1,11825.83
17075,18,4,3699.63
17076,37,3,3885.92
17078,23,3,26425.94
17079,79,1,367.68
17080,23,2,1996.46
17081,26,2,1085.34
17082,34,2,12430.12
17083,110,3,9290.779999999999
17084,36,2,19727.7
17085,124,5,9646.68
17086,8,7,17903.75
17088,29,6,10485.44
17089,298,1,4844.64
17090,5,9,16763.2
17091,3,9,17273.64
17092,51,5,13903.39
17094,185,2,2536.13
17095,23,4,8952.79
17096,16,4,3916.75
17097,3,8,4469.7
17099,51,1,97.56
17100,19,3,9264.75
17101,11,4,8454.289999999999
17102,262,1,46.64
17105,160,2,7671.63
17108,185,1,5886.389999999999
17109,30,6,6929.63
17110,166,1,679.86
17111,48,1,3078.66
17114,6,8,2800.37
17115,9,3,3440.03
17116,339,1,18.06
17117,289,1,816.04
17118,318,1,1500.84
17119,4,2,3844.79
17120,234,1,1306.1599999999999
17122,120,1,961.64
17123,162,2,6449.43
17124,186,1,1623.75
17125,51,1,3115.99
17126,153,5,8918.73
17127,319,2,51.5
17128,335,1,939.8999999999999
17131,6,5,10051.13
17134,107,2,1427.99
17135,17,8,13136.19
17138,276,1,1681.3899999999999
17140,248,1,3499.23
17142,240,1,1423.72
17144,2,2,5025.54
17146,85,4,3208.2799999999997
17147,23,4,10740.43
17148,52,1,848.98
17149,71,2,4286.04
17150,193,1,8077.12
17152,195,3,7032.339999999999
17153,25,1,1037.41
17154,76,1,5359.82
17155,18,2,2738.39
17157,8,2,1644.16
17158,33,3,9272.689999999999
17159,22,3,12358.18
17162,29,11,11913.9
17163,22,2,977.04
17164,33,7,17850.44
17165,285,1,1187.58
17166,39,3,1258.23
17167,211,1,4971.96
17169,58,2,6247.66
17171,290,1,2126.79
17172,79,2,6681.55
17173,6,8,11164.17
17174,218,1,359.32
17175,45,4,10355.11
17176,32,2,19995.95
17177,228,2,18877.47
17179,92,4,6390.68
17180,57,4,7670.5599999999995
17181,58,2,2715.8500000000004
17183,8,6,15203.13
17185,109,1,54.94
17186,47,2,2198.0
17187,227,1,1684.93
17188,12,7,15261.47
17189,107,2,2703.5499999999997
17190,50,3,2068.3
17191,29,7,14065.539999999999
17193,36,7,14595.02
17194,361,1,1380.61
17197,30,1,2995.94
17198,24,3,4273.43
17201,54,1,2625.58
17204,176,5,8620.11
17205,54,2,9472.33
17206,54,1,988.16
17210,239,1,1537.4099999999999
17211,27,8,16226.96
17212,239,2,2462.02
17213,41,8,15703.05
17214,61,6,3873.2599999999998
17217,235,1,362.32
17218,5,10,10789.92
17219,32,1,1023.12
17221,8,2,2323.98
17222,66,1,1587.23
17223,311,2,1508.6000000000001
17226,309,1,4564.79
17227,19,6,8379.13
17228,16,8,16008.42
17229,97,2,1540.5800000000002
17230,265,9,20420.64
17232,3,2,1286.72
17233,36,1,1538.32
17234,183,2,5283.24
17235,26,2,2629.16
17236,13,7,5520.41
17237,12,2,1216.79
17239,313,1,1929.26
17242,109,2,6768.46
17244,54,1,6955.96
17245,205,1,944.37
17246,166,1,14.5
17247,16,1,678.7900000000001
17248,121,2,9575.01
17249,263,1,5590.46
17250,4,2,1481.24
17251,363,1,1383.4099999999999
17252,117,2,2325.49
17253,19,1,611.51
17254,5,2,1596.47
17255,41,2,2625.7
17256,108,2,1685.32
17259,149,2,4552.47
17262,53,5,5045.55
17263,209,1,433.96
17265,139,2,4445.66
17266,3,3,1205.3
17267,128,2,1932.07
17268,108,4,9436.119999999999
17272,43,4,20426.73
17274,36,2,8267.64
17277,228,2,5498.83
17278,242,1,2037.82
17279,58,1,678.42
17282,131,3,20611.54
17283,145,1,2077.87
17284,61,6,15565.029999999999
17286,22,2,1365.82
17287,27,7,6773.78
17288,10,7,11049.75
17289,32,3,6131.469999999999
17290,4,2,2552.36
17291,309,1,1302.48
17293,9,9,12798.449999999999
17295,29,3,3478.87
17297,18,1,797.62
17298,102,3,5228.5199999999995
17299,12,4,7105.09
17301,22,1,1552.8500000000001
17302,15,5,6686.4800000000005
17303,99,2,4657.63
17308,43,1,86.15
17309,96,1,505.0
17310,43,3,7753.84
17311,79,2,11601.38
17312,139,4,4500.12
17313,32,1,16757.32
17314,25,8,21975.22
17316,165,1,845.26
17317,47,4,14468.519999999999
17320,101,4,8484.14
17321,9,3,4871.84
17322,255,1,67.78
17323,16,7,7909.0
17324,18,4,9434.59
17325,191,2,998.42
17326,296,1,52.019999999999996
17329,15,2,1398.77
17330,23,2,1602.84
17331,124,1,343.52
17333,86,4,10323.02
17334,303,2,3543.6
17337,152,4,14739.69
17339,95,2,1807.8400000000001
17341,157,3,5184.33
17343,356,1,772.46
17344,47,1,827.78
17345,16,4,3178.08
17347,87,1,2449.44
17348,15,5,14610.17
17349,180,1,1146.1100000000001
17350,9,4,7949.37
17351,37,3,1760.08
17353,130,3,7057.27
17354,51,1,11739.66
17355,338,1,10079.13
17356,312,1,1884.1399999999999
17357,25,2,1951.8200000000002
17358,304,4,6413.42
17359,12,1,996.5900000000001
17360,18,3,3913.27
17361,50,3,2109.43
17362,240,2,2277.58
17367,239,1,1699.02
17368,24,8,16010.05
17369,137,1,5761.38
17370,73,4,5991.94
17371,18,4,5630.38
17372,41,8,9026.44
17373,41,4,4701.04
17374,219,2,1379.3999999999999
17375,200,3,4141.13
17376,71,2,1089.75
17379,12,1,3886.6000000000004
17382,66,1,297.6
17383,5,1,925.64
17384,20,2,1184.9099999999999
17385,15,2,5542.39
17386,8,6,17650.06
17387,20,2,5239.83
17388,78,4,12241.470000000001
17391,25,3,15402.14
17392,307,2,3221.7999999999997
17393,208,2,3206.24
17394,220,1,2679.65
17397,23,2,3260.7
17398,115,3,3846.61
17400,127,5,13123.42
17401,22,1,14.61
17403,37,1,1408.09
17405,2,3,7674.74
17406,334,3,11625.63
17408,74,2,7022.95
17409,185,2,1805.25
17410,17,5,6855.929999999999
17411,13,3,3451.94
17412,3,7,7409.18
17414,44,2,22330.2
17415,80,1,1689.3
17418,43,2,3375.4300000000003
17420,51,3,2351.04
17422,17,6,22767.13
17423,47,2,5420.0
17425,20,2,4578.12
17427,72,1,451.82
17429,129,4,7470.55
17430,33,2,2158.02
17431,183,2,3325.25
17432,19,2,2477.87
17433,89,1,2146.31
17436,2,2,877.26
17438,254,1,1453.79
17440,157,3,2712.66
17442,37,6,17327.63
17443,220,1,5715.36
17444,152,2,23051.47
17446,89,3,8639.39
17447,41,2,5033.44
17449,3,8,13048.609999999999
17451,2,7,11227.88
17453,18,3,2414.67
17454,193,4,2209.34
17455,204,1,512.9399999999999
17457,127,5,10246.09
17458,16,2,1646.43
17459,44,2,6007.98
17460,95,6,3056.58
17461,23,3,8598.79
17462,61,2,2777.29
17463,17,5,12072.45
17464,159,1,2552.5
17466,11,2,2729.7200000000003
17468,11,2,716.6
17469,17,5,6751.38
17470,45,5,17963.37
17472,192,3,5378.33
17475,61,2,2427.22
17480,78,1,3988.7599999999998
17481,4,4,10079.0
17483,66,3,2381.72
17486,262,1,2364.34
17489,59,3,5457.99
17490,1,7,13538.07
17491,2,10,20737.08
17492,249,1,1972.54
17493,215,2,4943.05
17495,8,3,2339.95
17496,359,1,1087.48
17497,1,2,16965.09
17498,76,1,4316.72
17499,155,2,14661.88
17500,18,4,2472.48
17501,221,2,1935.53
17502,10,6,15611.6
17503,3,2,4215.7300000000005
17504,207,9,20128.399999999998
17505,162,2,6872.78
17506,76,1,1734.3799999999999
17507,262,2,4299.85
17508,6,3,13280.47
17510,25,1,2509.46
17513,73,2,7071.12
17514,129,1,1473.66
17515,32,6,3842.67
17516,16,7,5222.47
17517,309,1,1203.22
17519,18,6,14558.74
17520,54,2,8887.34
17521,6,4,6066.69
17522,2,6,16375.62
17523,12,4,7216.9800000000005
17524,362,1,1070.99
17525,360,1,1273.9
17526,5,5,4540.2699999999995
17527,54,4,5964.51
17528,2,8,22264.02
17530,2,11,19516.93
17531,191,1,1698.08
17534,54,1,1284.56
17535,281,1,1562.3799999999999
17536,178,2,4629.71
17537,6,3,8173.11
17538,26,2,1485.32
17539,207,1,445.88
17540,25,3,3818.61
17541,235,1,5047.29
17542,270,1,1548.39
17545,44,4,4195.75
17546,199,1,1165.72
17548,234,1,700.3199999999999
17549,24,3,5922.96
17550,198,3,1155.2
17551,360,1,1752.99
17552,61,4,8018.08
17553,130,1,12265.36
17555,20,2,3985.41
17556,206,2,2611.17
17557,15,3,3099.53
17560,95,5,7193.36
17561,20,1,1620.84
17562,15,7,8168.14
17564,25,3,1961.61
17566,9,2,4587.52
17569,333,1,1982.37
17571,51,4,10278.51
17572,72,4,1206.16
17573,30,3,3547.27
17574,243,1,917.59
17578,219,1,1561.56
17579,5,3,2537.87
17580,253,3,1109.76
17582,237,1,1440.3799999999999
17584,8,2,4593.87
17585,110,4,18031.01
17588,101,4,8212.83
17589,61,4,17867.77
17590,3,3,8858.85
17591,74,7,12496.33
17594,86,3,4619.19
17595,13,3,1948.76
17597,214,1,13911.12
17600,18,1,1049.76
17601,30,2,1547.6399999999999
17603,79,1,2075.24
17604,218,2,2049.2799999999997
17608,34,2,2519.12
17609,41,5,7740.67
17612,54,6,18688.29
17614,58,1,2798.6
17615,131,3,1772.93
17616,174,3,2880.64
17618,6,4,20985.8
17619,313,1,1490.6299999999999
17620,60,1,698.4
17621,22,3,6681.86
17623,33,1,3256.0
17624,15,2,5100.7
17625,19,4,14159.05
17628,82,1,887.12
17629,6,8,17230.36
17630,170,2,2135.56
17631,2,3,3185.55
17633,32,5,7179.11
17634,37,9,11006.37
17636,20,1,1917.16
17637,32,3,3487.59
17638,235,1,3562.7599999999998
17639,277,1,613.41
17640,87,1,3199.34
17642,120,3,9478.84
17646,220,4,16422.07
17647,66,1,443.8
17648,61,5,6881.98
17649,139,1,4490.89
17650,22,2,2502.0099999999998
17653,37,4,15531.85
17654,278,1,540.6899999999999
17655,11,7,13209.99
17656,74,6,16066.92
17658,26,2,6923.96
17660,142,2,2913.81
17663,26,9,16388.34
17664,19,2,6748.3
17665,214,1,815.77
17666,4,2,5553.68
17667,67,8,24051.41
17668,2,2,867.37
17669,43,7,14267.1
17670,228,1,1338.1399999999999
17671,16,4,8030.8
17672,51,2,20577.0
17673,2,6,16126.57
17674,75,2,7453.48
17676,5,6,8804.92
17678,264,1,2427.22
17679,53,2,9514.26
17680,24,2,2881.62
17682,11,7,12084.8
17683,5,1,14.48
17684,44,2,9147.47
17685,17,7,21174.03
17686,8,7,26591.23
17691,359,2,1670.98
17692,128,5,7261.349999999999
17693,138,2,14013.26
17694,142,1,2176.38
17695,132,2,8768.26
17696,39,8,20341.64
17697,162,2,1315.75
17698,261,1,1112.07
17699,5,1,14.48
17700,17,4,13158.74
17701,253,1,1306.76
17702,31,4,11490.91
17703,36,4,6872.05
17704,169,2,4301.49
17705,4,9,9594.0
17707,186,2,1632.0
17708,188,2,1192.1799999999998
17709,170,1,315.13
17711,11,2,2218.9900000000002
17712,45,2,2450.63
17713,278,2,19404.69
17714,321,1,1099.6599999999999
17715,201,3,5897.47
17718,233,1,993.4699999999999
17720,27,4,7129.75
17721,73,1,6289.66
17722,97,4,18776.34
17723,128,6,11473.34
17724,72,3,4133.3
17725,17,11,24733.0
17727,16,1,4227.45
17728,4,3,15663.12
17731,80,4,6213.04
17732,5,2,1241.3400000000001
17733,39,2,5455.07
17734,54,3,5043.4800000000005
17736,10,3,2698.12
17737,10,2,985.92
17738,20,4,12291.31
17739,4,8,10669.070000000002
17740,234,1,7964.2
17742,114,2,1276.04
17745,354,1,707.28
17746,241,1,410.25
17747,113,1,196.20000000000002
17749,179,2,3971.02
17752,360,1,2050.56
17753,302,1,69.17999999999999
17754,1,5,16919.64
17755,102,1,3547.36
17759,18,3,7972.88
17760,22,2,2744.27
17761,33,1,4809.780000000001
17763,264,1,138.35999999999999
17764,51,3,4415.89
17765,159,3,1719.8899999999999
17766,290,1,1074.32
17767,16,2,2032.7
17768,9,3,11545.28
17769,13,10,20716.37
17770,199,5,4913.1
17771,57,2,3114.77
17772,11,2,378.54
17774,97,4,6450.65
17775,255,1,795.8399999999999
17777,25,3,5749.05
17779,22,3,4555.37
17781,160,2,541.22
17783,73,2,3894.12
17785,54,1,821.9
17786,86,2,2193.83
17787,10,5,13683.19
17788,74,2,3293.26
17789,282,1,989.86
17791,30,1,520.47
17793,26,1,2624.2000000000003
17795,180,2,3477.56
17796,41,5,2526.22
17797,23,3,5811.59
17799,23,10,19745.03
17800,38,9,8421.529999999999
17802,83,4,10055.39
17805,74,1,5425.36
17806,12,1,4530.58
17810,323,1,1040.15
17812,13,4,2872.88
17813,15,5,8997.12
17816,37,4,313.99
17817,5,3,803.34
17819,72,7,14363.75
17823,15,1,36.12
17824,52,1,4488.12
17827,6,6,13361.15
17828,23,4,7908.45
17829,299,1,5995.24
17830,2,3,1128.16
17831,34,1,159.24
17832,50,2,2328.53
17835,3,3,2980.21
17836,48,2,1171.03
17837,43,8,6780.0
17838,27,5,22012.11
17839,43,1,2941.74
17843,304,1,1104.59
17844,107,1,585.8
17846,122,1,13882.59
17848,82,10,21855.1
17849,219,4,1789.3799999999999
17852,12,2,333.17
17854,186,2,1180.0
17856,2,5,16025.83
17859,305,1,994.5600000000001
17861,4,8,20290.0
17862,324,1,1363.9399999999998
17864,13,3,7495.37
17866,143,1,2121.14
17867,31,7,6377.09
17869,108,6,1792.72
17871,205,1,2025.0
17872,59,1,6717.5599999999995
17873,81,5,12359.880000000001
17874,86,7,3000.41
17877,171,1,1247.98
17878,44,1,4474.16
17879,174,1,644.1800000000001
17881,305,1,464.68
17883,4,4,2862.13
17884,4,4,7849.74
17885,13,2,3500.41
17886,32,3,5685.53
17887,130,1,421.58
17888,22,9,14702.08
17889,213,2,995.63
17890,323,2,4721.8099999999995
17891,163,1,4237.04
17892,57,3,1367.31
17893,226,2,7079.84
17894,52,9,5262.43
17895,45,2,1435.3799999999999
17896,24,1,3215.52
17897,173,4,10108.86
17898,86,2,2103.36
17899,160,1,1900.9
17900,191,2,837.7199999999999
17901,30,2,5450.5
17904,22,2,12288.81
17905,72,4,4980.4
17906,248,1,341.2
17911,10,1,1517.1200000000001
17912,311,5,2203.94
17913,59,2,3334.74
17914,4,1,2870.9300000000003
17917,46,4,7680.38
17919,89,2,15796.55
17921,65,4,5022.07
17923,283,1,725.0
17924,12,7,14059.86
17925,29,2,1023.72
17926,134,4,22406.94
17928,46,2,862.12
17929,12,4,1766.8
17930,36,5,18121.239999999998
17931,135,2,2958.59
17932,30,3,9265.61
17933,267,1,707.26
17934,52,3,10554.95
17935,139,2,951.79
17936,6,2,1618.99
17937,9,7,20984.899999999998
17939,160,1,511.54
17941,131,1,2896.08
17942,8,1,235.22
17946,234,2,866.96
17947,38,1,1902.84
17948,148,1,1843.2
17950,73,3,4245.45
17951,40,3,7348.06
17952,352,1,139.55
17953,233,1,5751.599999999999
17955,199,4,3369.38
17956,197,2,14367.22
17957,67,1,2932.29
17958,117,1,1369.72
17959,197,1,673.73
17960,172,1,495.82
17962,143,1,1406.77
17964,32,2,3438.71
17967,32,2,10141.93
17969,167,3,6386.3099999999995
17970,212,1,5834.88
17972,242,1,507.53000000000003
17973,27,3,9069.08
17974,25,4,5923.47
17977,30,2,3948.56
17979,36,4,4589.46
17980,166,3,7822.98
17981,78,1,6840.68
17984,146,1,1161.05
17985,23,1,2399.84
17986,57,1,61.900000000000006
17987,186,1,2878.8
17988,12,7,534.73
17990,237,3,4889.639999999999
17991,226,2,351.84999999999997
17994,122,5,5813.62
17995,282,1,1441.16
17997,75,8,25110.99
17999,38,3,8074.26
18001,13,2,3636.75
18004,363,1,912.15
18005,4,2,777.76
18006,24,1,2710.76
18008,71,9,18375.329999999998
18009,236,1,1498.96
18010,257,1,794.15
18013,156,2,3113.57
18014,29,1,806.32
18015,5,1,1013.09
18016,33,5,11806.2
18017,82,3,1805.0
18018,109,2,688.8199999999999
18019,52,1,111.14
18022,36,1,7815.27
18024,153,2,2285.62
18027,99,1,917.67
18030,5,2,747.54
18032,335,1,505.8
18033,66,1,2636.77
18034,22,2,6146.54
18035,36,3,6705.5599999999995
18036,33,3,2487.82
18037,155,6,264.51
18040,20,2,1573.3400000000001
18042,54,1,507.39
18043,25,3,3222.62
18044,5,10,12118.39
18045,46,1,1585.28
18048,204,2,1478.48
18050,360,1,486.21999999999997
18053,71,1,3403.06
18056,289,1,2535.22
18058,10,1,544.72
18059,24,3,3009.71
18061,22,10,11962.8
18062,174,3,4797.9
18064,134,2,3441.3599999999997
18066,76,1,1432.6599999999999
18067,41,1,2331.3199999999997
18068,290,1,165.72
18069,27,5,14889.289999999999
18071,258,2,3128.97
18072,186,1,3205.44
18075,24,10,17681.07
18077,9,11,20651.079999999998
18078,218,2,1830.61
18080,19,2,7841.16
18081,37,3,2350.66
18082,26,1,6871.59
18084,17,1,1912.56
18085,331,2,3422.91
18086,275,1,1130.58
18088,62,1,1254.42
18093,94,4,16425.52
18095,313,2,4889.59
18096,12,3,7800.18
18097,8,6,18030.66
18099,128,1,1699.71
18101,12,2,770.44
18104,38,1,4484.0199999999995
18105,38,1,587.7
18106,330,1,1723.71
18108,255,1,1138.78
18110,20,1,941.5699999999999
18112,13,2,2226.91
18114,291,1,789.3
18116,68,8,9794.11
18117,26,1,6513.0
18120,215,1,431.63
18121,150,2,5158.599999999999
18122,9,6,12182.02
18123,25,2,6269.59
18125,30,4,9297.63
18126,61,1,1525.71
18127,20,3,2272.32
18129,244,1,607.37
18130,16,3,8323.66
18133,213,1,14796.000000000002
18135,30,5,4275.82
18136,64,3,4688.58
18138,296,1,545.9
18142,158,2,14125.52
18143,117,2,6075.47
18145,13,4,24708.38
18146,141,2,1732.1100000000001
18147,46,2,2264.44
18149,51,3,3618.46
18150,33,3,3983.42
18151,135,2,4063.47
18154,4,2,2363.58
18155,76,3,3107.16
18156,13,2,2274.21
18158,10,2,3170.62
18159,302,1,1968.08
18160,58,2,3598.12
18161,16,5,8433.35
18164,38,1,2295.49
18165,178,1,2913.76
18167,24,3,5334.26
18168,177,6,7190.8099999999995
18169,61,1,832.8100000000001
18170,34,3,5196.6900000000005
18171,59,5,6191.95
18173,87,4,14665.34
18174,8,1,309.5
18176,359,1,3388.6
18177,32,6,5626.12
18178,129,4,10496.09
18179,10,6,13570.29
18180,5,6,17879.32
18181,25,1,1739.17
18183,228,2,4327.61
18184,16,1,371.40000000000003
18185,250,1,2187.25
18188,16,3,12191.2
18189,78,2,6918.73
18190,193,2,1726.52
18191,262,1,1647.8799999999999
18192,72,1,3604.94
18193,166,1,1520.85
18194,83,1,7476.48
18196,96,2,4975.84
18200,107,1,1220.09
18202,200,3,7327.08
18203,158,1,605.16
18204,72,3,14221.57
18205,37,2,2498.14
18209,29,1,737.04
18210,2,6,14888.3
18211,26,5,4294.24
18212,327,1,1164.34
18213,237,1,2616.24
18215,90,1,1516.1
18216,32,1,2543.58
18217,30,2,5669.26
18218,212,2,5265.94
18219,3,10,10469.52
18220,227,1,3265.92
18221,23,5,9083.15
18222,93,1,3887.05
18224,264,1,870.0699999999999
18227,218,1,311.32
18228,57,2,3238.42
18230,10,7,15495.4
18231,193,5,10517.66
18232,82,4,3703.0
18233,326,1,492.0
18235,72,3,17140.68
18236,30,6,4974.89
18237,3,5,6911.94
18239,219,5,9748.86
18240,47,1,805.26
18242,73,4,12711.88
18245,8,7,18187.06
18246,24,2,2311.9
18248,123,2,6061.3
18249,18,1,1409.32
18250,311,1,2397.72
18252,51,2,2904.7799999999997
18255,90,1,864.3399999999999
18257,40,8,10618.3
18259,25,3,9714.24
18260,173,6,17810.6
18261,44,2,1828.71
18262,141,1,1958.68
18263,26,3,16046.56
18265,73,2,3957.52
18268,135,1,46.64
18270,39,2,1325.28
18272,3,6,22758.63
18273,3,3,892.3999999999999
18274,31,1,1082.32
18276,44,1,2250.74
18277,59,1,810.1600000000001
18278,74,1,854.62
18280,278,1,623.26
18281,181,1,576.58
18282,8,2,1044.8600000000001
18287,43,3,18139.56
